-- 真实的校园商品数据（简化版生成）
-- 生成时间: 2026-05-25T15:05:17.914Z

-- 商品基本信息
INSERT INTO products (id, name, description, price, stock, type, category_id, shop_id, status, created_at, updated_at) VALUES
(1000, '高等数学第七版同济大学', '经典教材，适合课堂学习和自习室复习，知识点讲解详细，例题丰富', 39.04, 23, 'physical', 1, 2, 'on_sale', '2024-05-25 21:00:00', '2024-05-25 21:00:00'),
(1001, '大学英语四级真题详解', '经典教材，适合课堂学习和自习室复习，知识点讲解详细，例题丰富', 63.23, 13, 'physical', 1, 9, 'on_sale', '2024-05-25 21:00:00', '2024-05-25 21:00:00'),
(1002, '线性代数第五版', '经典教材，适合课堂学习和自习室复习，知识点讲解详细，例题丰富', 27.55, 27, 'digital', 1, 1, 'on_sale', '2024-05-25 21:00:00', '2024-05-25 21:00:00'),
(1003, 'C语言程序设计第三版', '经典教材，适合课堂学习和自习室复习，知识点讲解详细，例题丰富', 145.28, 27, 'digital', 1, 7, 'on_sale', '2024-05-25 21:00:00', '2024-05-25 21:00:00'),
(1004, '概率论与数理统计第四版', '经典教材，适合课堂学习和自习室复习，知识点讲解详细，例题丰富', 141.28, 27, 'digital', 1, 1, 'on_sale', '2024-05-25 21:00:00', '2024-05-25 21:00:00'),
(1005, '大学物理上册', '经典教材，适合课堂学习和自习室复习，知识点讲解详细，例题丰富', 85.29, 42, 'physical', 1, 9, 'on_sale', '2024-05-25 21:00:00', '2024-05-25 21:00:00'),
(1006, '马克思主义基本原理', '经典教材，适合课堂学习和自习室复习，知识点讲解详细，例题丰富', 138.19, 30, 'physical', 1, 3, 'on_sale', '2024-05-25 21:00:00', '2024-05-25 21:00:00'),
(1007, '大学计算机基础', '经典教材，适合课堂学习和自习室复习，知识点讲解详细，例题丰富', 32.19, 41, 'physical', 1, 2, 'on_sale', '2024-05-25 21:00:00', '2024-05-25 21:00:00'),
(1008, '有机化学第五版', '经典教材，适合课堂学习和自习室复习，知识点讲解详细，例题丰富', 59.41, 45, 'physical', 1, 6, 'on_sale', '2024-05-25 21:00:00', '2024-05-25 21:00:00'),
(1009, '微观经济学原理', '经典教材，适合课堂学习和自习室复习，知识点讲解详细，例题丰富', 110.75, 18, 'physical', 1, 1, 'on_sale', '2024-05-25 21:00:00', '2024-05-25 21:00:00'),
(1010, '数据结构与算法', '经典教材，适合课堂学习和自习室复习，知识点讲解详细，例题丰富', 48.37, 18, 'physical', 1, 9, 'on_sale', '2024-05-25 21:00:00', '2024-05-25 21:00:00'),
(1011, '大学英语综合教程', '经典教材，适合课堂学习和自习室复习，知识点讲解详细，例题丰富', 106.07, 13, 'physical', 1, 5, 'on_sale', '2024-05-25 21:00:00', '2024-05-25 21:00:00'),
(1012, '机械制图第七版', '经典教材，适合课堂学习和自习室复习，知识点讲解详细，例题丰富', 74.94, 34, 'digital', 1, 6, 'on_sale', '2024-05-25 21:00:00', '2024-05-25 21:00:00'),
(1013, '电路分析基础', '经典教材，适合课堂学习和自习室复习，知识点讲解详细，例题丰富', 95.78, 36, 'physical', 1, 4, 'on_sale', '2024-05-25 21:00:00', '2024-05-25 21:00:00'),
(1014, '模拟电子技术', '经典教材，适合课堂学习和自习室复习，知识点讲解详细，例题丰富', 99.20, 18, 'physical', 1, 10, 'on_sale', '2024-05-25 21:00:00', '2024-05-25 21:00:00'),
(1015, '数字电路与逻辑设计', '经典教材，适合课堂学习和自习室复习，知识点讲解详细，例题丰富', 63.99, 15, 'digital', 1, 4, 'on_sale', '2024-05-25 21:00:00', '2024-05-25 21:00:00'),
(1016, '操作系统原理', '经典教材，适合课堂学习和自习室复习，知识点讲解详细，例题丰富', 68.84, 26, 'physical', 1, 7, 'on_sale', '2024-05-25 21:00:00', '2024-05-25 21:00:00'),
(1017, '计算机网络第七版', '经典教材，适合课堂学习和自习室复习，知识点讲解详细，例题丰富', 148.17, 49, 'physical', 1, 4, 'on_sale', '2024-05-25 21:00:00', '2024-05-25 21:00:00'),
(1018, '软件工程导论', '经典教材，适合课堂学习和自习室复习，知识点讲解详细，例题丰富', 82.28, 28, 'physical', 1, 4, 'on_sale', '2024-05-25 21:00:00', '2024-05-25 21:00:00'),
(1019, '数据库系统概论', '经典教材，适合课堂学习和自习室复习，知识点讲解详细，例题丰富', 72.39, 32, 'physical', 1, 5, 'on_sale', '2024-05-25 21:00:00', '2024-05-25 21:00:00'),
(1020, '晨光中性笔12支装', '学生文具必备，适合课堂笔记和考试使用，质量可靠性价比高', 8.36, 145, 'physical', 2, 6, 'on_sale', '2024-05-25 21:00:00', '2024-05-25 21:00:00'),
(1021, '得力A5活页笔记本', '学生文具必备，适合课堂笔记和考试使用，质量可靠性价比高', 27.44, 200, 'physical', 2, 6, 'on_sale', '2024-05-25 21:00:00', '2024-05-25 21:00:00'),
(1022, '三菱UM-151中性笔', '学生文具必备，适合课堂笔记和考试使用，质量可靠性价比高', 20.16, 177, 'physical', 2, 10, 'on_sale', '2024-05-25 21:00:00', '2024-05-25 21:00:00'),
(1023, '国誉Campus笔记本', '学生文具必备，适合课堂笔记和考试使用，质量可靠性价比高', 42.83, 84, 'physical', 2, 2, 'on_sale', '2024-05-25 21:00:00', '2024-05-25 21:00:00'),
(1024, '斑马荧光笔6色套装', '学生文具必备，适合课堂笔记和考试使用，质量可靠性价比高', 39.22, 147, 'physical', 2, 6, 'on_sale', '2024-05-25 21:00:00', '2024-05-25 21:00:00'),
(1025, '得力订书机套装', '学生文具必备，适合课堂笔记和考试使用，质量可靠性价比高', 20.00, 52, 'physical', 2, 1, 'on_sale', '2024-05-25 21:00:00', '2024-05-25 21:00:00'),
(1026, '晨光修正带5个装', '学生文具必备，适合课堂笔记和考试使用，质量可靠性价比高', 42.02, 181, 'physical', 2, 4, 'on_sale', '2024-05-25 21:00:00', '2024-05-25 21:00:00'),
(1027, '3M便利贴组合装', '学生文具必备，适合课堂笔记和考试使用，质量可靠性价比高', 24.18, 178, 'physical', 2, 8, 'on_sale', '2024-05-25 21:00:00', '2024-05-25 21:00:00'),
(1028, '得力文件夹10个装', '学生文具必备，适合课堂笔记和考试使用，质量可靠性价比高', 31.74, 195, 'physical', 2, 6, 'on_sale', '2024-05-25 21:00:00', '2024-05-25 21:00:00'),
(1029, '晨光橡皮擦20块装', '学生文具必备，适合课堂笔记和考试使用，质量可靠性价比高', 31.26, 197, 'physical', 2, 3, 'on_sale', '2024-05-25 21:00:00', '2024-05-25 21:00:00'),
(1030, '得力美工刀', '学生文具必备，适合课堂笔记和考试使用，质量可靠性价比高', 39.74, 199, 'physical', 2, 5, 'on_sale', '2024-05-25 21:00:00', '2024-05-25 21:00:00'),
(1031, '晨光固体胶12支装', '学生文具必备，适合课堂笔记和考试使用，质量可靠性价比高', 20.70, 63, 'physical', 2, 10, 'on_sale', '2024-05-25 21:00:00', '2024-05-25 21:00:00'),
(1032, '得力剪刀不锈钢', '学生文具必备，适合课堂笔记和考试使用，质量可靠性价比高', 6.55, 94, 'digital', 2, 2, 'on_sale', '2024-05-25 21:00:00', '2024-05-25 21:00:00'),
(1033, '晨光铅笔2B考试专用', '学生文具必备，适合课堂笔记和考试使用，质量可靠性价比高', 20.97, 64, 'physical', 2, 1, 'on_sale', '2024-05-25 21:00:00', '2024-05-25 21:00:00'),
(1034, '得力笔袋大容量', '学生文具必备，适合课堂笔记和考试使用，质量可靠性价比高', 36.41, 75, 'digital', 2, 1, 'on_sale', '2024-05-25 21:00:00', '2024-05-25 21:00:00'),
(1035, '晨光书签创意套装', '学生文具必备，适合课堂笔记和考试使用，质量可靠性价比高', 35.58, 159, 'physical', 2, 3, 'on_sale', '2024-05-25 21:00:00', '2024-05-25 21:00:00'),
(1036, '得力尺子套装', '学生文具必备，适合课堂笔记和考试使用，质量可靠性价比高', 10.25, 156, 'physical', 2, 4, 'on_sale', '2024-05-25 21:00:00', '2024-05-25 21:00:00'),
(1037, '晨光涂改液12瓶装', '学生文具必备，适合课堂笔记和考试使用，质量可靠性价比高', 29.72, 51, 'physical', 2, 6, 'on_sale', '2024-05-25 21:00:00', '2024-05-25 21:00:00'),
(1038, '得力夹子套装', '学生文具必备，适合课堂笔记和考试使用，质量可靠性价比高', 38.22, 164, 'physical', 2, 1, 'on_sale', '2024-05-25 21:00:00', '2024-05-25 21:00:00'),
(1039, '晨光笔芯0.5mm黑色', '学生文具必备，适合课堂笔记和考试使用，质量可靠性价比高', 42.39, 97, 'physical', 2, 8, 'on_sale', '2024-05-25 21:00:00', '2024-05-25 21:00:00'),
(1040, '得力胶带透明', '学生文具必备，适合课堂笔记和考试使用，质量可靠性价比高', 39.94, 124, 'physical', 2, 4, 'on_sale', '2024-05-25 21:00:00', '2024-05-25 21:00:00'),
(1041, '晨光荧光笔套装', '学生文具必备，适合课堂笔记和考试使用，质量可靠性价比高', 30.47, 85, 'physical', 2, 1, 'on_sale', '2024-05-25 21:00:00', '2024-05-25 21:00:00'),
(1042, '得力计算器学生用', '学生文具必备，适合课堂笔记和考试使用，质量可靠性价比高', 12.33, 72, 'physical', 2, 6, 'on_sale', '2024-05-25 21:00:00', '2024-05-25 21:00:00'),
(1043, '晨光笔记本B5', '学生文具必备，适合课堂笔记和考试使用，质量可靠性价比高', 8.72, 140, 'physical', 2, 6, 'on_sale', '2024-05-25 21:00:00', '2024-05-25 21:00:00'),
(1044, '得力文具盒多功能', '学生文具必备，适合课堂笔记和考试使用，质量可靠性价比高', 20.58, 77, 'physical', 2, 6, 'on_sale', '2024-05-25 21:00:00', '2024-05-25 21:00:00'),
(1045, '绿联USB-C转HDMI转接头', '数码配件，适合宿舍和自习室使用，兼容性好质量稳定', 183.92, 89, 'physical', 3, 7, 'on_sale', '2024-05-25 21:00:00', '2024-05-25 21:00:00'),
(1046, '罗技M185无线鼠标', '数码配件，适合宿舍和自习室使用，兼容性好质量稳定', 26.37, 95, 'physical', 3, 5, 'on_sale', '2024-05-25 21:00:00', '2024-05-25 21:00:00'),
(1047, '苹果Lightning数据线1米', '数码配件，适合宿舍和自习室使用，兼容性好质量稳定', 80.39, 128, 'physical', 3, 7, 'on_sale', '2024-05-25 21:00:00', '2024-05-25 21:00:00'),
(1048, '小米充电宝20000mAh', '数码配件，适合宿舍和自习室使用，兼容性好质量稳定', 184.35, 32, 'physical', 3, 2, 'on_sale', '2024-05-25 21:00:00', '2024-05-25 21:00:00'),
(1049, '绿联Type-C数据线', '数码配件，适合宿舍和自习室使用，兼容性好质量稳定', 65.35, 136, 'physical', 3, 1, 'on_sale', '2024-05-25 21:00:00', '2024-05-25 21:00:00'),
(1050, '罗技K380蓝牙键盘', '数码配件，适合宿舍和自习室使用，兼容性好质量稳定', 66.30, 139, 'physical', 3, 10, 'on_sale', '2024-05-25 21:00:00', '2024-05-25 21:00:00'),
(1051, '闪迪32GB U盘', '数码配件，适合宿舍和自习室使用，兼容性好质量稳定', 167.11, 30, 'physical', 3, 3, 'on_sale', '2024-05-25 21:00:00', '2024-05-25 21:00:00'),
(1052, '绿联USB分线器4口', '数码配件，适合宿舍和自习室使用，兼容性好质量稳定', 29.40, 94, 'physical', 3, 5, 'on_sale', '2024-05-25 21:00:00', '2024-05-25 21:00:00'),
(1053, '苹果AirPods耳机套', '数码配件，适合宿舍和自习室使用，兼容性好质量稳定', 79.39, 149, 'digital', 3, 9, 'on_sale', '2024-05-25 21:00:00', '2024-05-25 21:00:00'),
(1054, '小米蓝牙耳机', '数码配件，适合宿舍和自习室使用，兼容性好质量稳定', 155.91, 98, 'physical', 3, 7, 'on_sale', '2024-05-25 21:00:00', '2024-05-25 21:00:00'),
(1055, '绿联HDMI线2米', '数码配件，适合宿舍和自习室使用，兼容性好质量稳定', 65.05, 135, 'physical', 3, 8, 'on_sale', '2024-05-25 21:00:00', '2024-05-25 21:00:00'),
(1056, '罗技鼠标垫', '数码配件，适合宿舍和自习室使用，兼容性好质量稳定', 130.24, 102, 'physical', 3, 7, 'on_sale', '2024-05-25 21:00:00', '2024-05-25 21:00:00'),
(1057, '苹果20W充电器', '数码配件，适合宿舍和自习室使用，兼容性好质量稳定', 136.60, 112, 'physical', 3, 2, 'on_sale', '2024-05-25 21:00:00', '2024-05-25 21:00:00'),
(1058, '小米插线板6位', '数码配件，适合宿舍和自习室使用，兼容性好质量稳定', 57.16, 119, 'physical', 3, 1, 'on_sale', '2024-05-25 21:00:00', '2024-05-25 21:00:00'),
(1059, '绿联网线5米', '数码配件，适合宿舍和自习室使用，兼容性好质量稳定', 147.46, 42, 'physical', 3, 10, 'on_sale', '2024-05-25 21:00:00', '2024-05-25 21:00:00'),
(1060, '罗技无线鼠标垫', '数码配件，适合宿舍和自习室使用，兼容性好质量稳定', 15.92, 125, 'physical', 3, 5, 'on_sale', '2024-05-25 21:00:00', '2024-05-25 21:00:00'),
(1061, '苹果MagSafe充电器', '数码配件，适合宿舍和自习室使用，兼容性好质量稳定', 186.28, 46, 'physical', 3, 7, 'on_sale', '2024-05-25 21:00:00', '2024-05-25 21:00:00'),
(1062, '小米无线充电器', '数码配件，适合宿舍和自习室使用，兼容性好质量稳定', 199.08, 135, 'physical', 3, 3, 'on_sale', '2024-05-25 21:00:00', '2024-05-25 21:00:00'),
(1063, '绿联读卡器', '数码配件，适合宿舍和自习室使用，兼容性好质量稳定', 96.88, 133, 'physical', 3, 10, 'on_sale', '2024-05-25 21:00:00', '2024-05-25 21:00:00'),
(1064, '罗技C270摄像头', '数码配件，适合宿舍和自习室使用，兼容性好质量稳定', 146.87, 123, 'physical', 3, 5, 'on_sale', '2024-05-25 21:00:00', '2024-05-25 21:00:00'),
(1065, '苹果转接头套装', '数码配件，适合宿舍和自习室使用，兼容性好质量稳定', 188.85, 51, 'physical', 3, 2, 'on_sale', '2024-05-25 21:00:00', '2024-05-25 21:00:00'),
(1066, '小米手环7', '数码配件，适合宿舍和自习室使用，兼容性好质量稳定', 49.30, 137, 'physical', 3, 8, 'on_sale', '2024-05-25 21:00:00', '2024-05-25 21:00:00'),
(1067, '绿联车载充电器', '数码配件，适合宿舍和自习室使用，兼容性好质量稳定', 194.26, 76, 'physical', 3, 5, 'on_sale', '2024-05-25 21:00:00', '2024-05-25 21:00:00'),
(1068, '罗技游戏鼠标', '数码配件，适合宿舍和自习室使用，兼容性好质量稳定', 40.20, 85, 'physical', 3, 3, 'on_sale', '2024-05-25 21:00:00', '2024-05-25 21:00:00'),
(1069, '苹果清洁套装', '数码配件，适合宿舍和自习室使用，兼容性好质量稳定', 73.40, 139, 'physical', 3, 2, 'on_sale', '2024-05-25 21:00:00', '2024-05-25 21:00:00'),
(1070, '宿舍床帘遮光', '宿舍生活用品，实用便捷，提升宿舍生活品质', 65.54, 44, 'physical', 4, 7, 'on_sale', '2024-05-25 21:00:00', '2024-05-25 21:00:00'),
(1071, 'LED护眼台灯', '宿舍生活用品，实用便捷，提升宿舍生活品质', 95.18, 79, 'physical', 4, 7, 'on_sale', '2024-05-25 21:00:00', '2024-05-25 21:00:00'),
(1072, '折叠晾衣架', '宿舍生活用品，实用便捷，提升宿舍生活品质', 58.69, 93, 'physical', 4, 3, 'on_sale', '2024-05-25 21:00:00', '2024-05-25 21:00:00'),
(1073, '收纳箱塑料', '宿舍生活用品，实用便捷，提升宿舍生活品质', 78.03, 103, 'digital', 4, 6, 'on_sale', '2024-05-25 21:00:00', '2024-05-25 21:00:00'),
(1074, '保温杯304不锈钢', '宿舍生活用品，实用便捷，提升宿舍生活品质', 52.02, 97, 'physical', 4, 6, 'on_sale', '2024-05-25 21:00:00', '2024-05-25 21:00:00'),
(1075, '衣架20个装', '宿舍生活用品，实用便捷，提升宿舍生活品质', 73.79, 61, 'digital', 4, 4, 'on_sale', '2024-05-25 21:00:00', '2024-05-25 21:00:00'),
(1076, '插座转换器', '宿舍生活用品，实用便捷，提升宿舍生活品质', 72.90, 55, 'physical', 4, 7, 'on_sale', '2024-05-25 21:00:00', '2024-05-25 21:00:00'),
(1077, '垃圾桶宿舍用', '宿舍生活用品，实用便捷，提升宿舍生活品质', 40.89, 161, 'physical', 4, 4, 'on_sale', '2024-05-25 21:00:00', '2024-05-25 21:00:00'),
(1078, '毛巾纯棉3条装', '宿舍生活用品，实用便捷，提升宿舍生活品质', 22.17, 128, 'physical', 4, 5, 'on_sale', '2024-05-25 21:00:00', '2024-05-25 21:00:00'),
(1079, '洗漱杯套装', '宿舍生活用品，实用便捷，提升宿舍生活品质', 49.26, 115, 'physical', 4, 1, 'on_sale', '2024-05-25 21:00:00', '2024-05-25 21:00:00'),
(1080, '床上书桌可折叠', '宿舍生活用品，实用便捷，提升宿舍生活品质', 98.24, 131, 'physical', 4, 2, 'on_sale', '2024-05-25 21:00:00', '2024-05-25 21:00:00'),
(1081, '挂钩粘贴式20个', '宿舍生活用品，实用便捷，提升宿舍生活品质', 37.81, 112, 'digital', 4, 4, 'on_sale', '2024-05-25 21:00:00', '2024-05-25 21:00:00'),
(1082, '收纳袋真空压缩', '宿舍生活用品，实用便捷，提升宿舍生活品质', 44.90, 94, 'physical', 4, 1, 'on_sale', '2024-05-25 21:00:00', '2024-05-25 21:00:00'),
(1083, '台灯夹子式', '宿舍生活用品，实用便捷，提升宿舍生活品质', 61.47, 51, 'physical', 4, 2, 'on_sale', '2024-05-25 21:00:00', '2024-05-25 21:00:00'),
(1084, '拖鞋室内防滑', '宿舍生活用品，实用便捷，提升宿舍生活品质', 54.39, 132, 'physical', 4, 10, 'on_sale', '2024-05-25 21:00:00', '2024-05-25 21:00:00'),
(1085, '晾衣绳宿舍', '宿舍生活用品，实用便捷，提升宿舍生活品质', 97.23, 60, 'physical', 4, 4, 'on_sale', '2024-05-25 21:00:00', '2024-05-25 21:00:00'),
(1086, '收纳盒桌面', '宿舍生活用品，实用便捷，提升宿舍生活品质', 10.36, 169, 'physical', 4, 3, 'on_sale', '2024-05-25 21:00:00', '2024-05-25 21:00:00'),
(1087, '水杯塑料便携', '宿舍生活用品，实用便捷，提升宿舍生活品质', 91.88, 99, 'physical', 4, 8, 'on_sale', '2024-05-25 21:00:00', '2024-05-25 21:00:00'),
(1088, '衣柜收纳挂袋', '宿舍生活用品，实用便捷，提升宿舍生活品质', 48.30, 58, 'physical', 4, 1, 'on_sale', '2024-05-25 21:00:00', '2024-05-25 21:00:00'),
(1089, '床垫软垫', '宿舍生活用品，实用便捷，提升宿舍生活品质', 40.98, 154, 'physical', 4, 6, 'on_sale', '2024-05-25 21:00:00', '2024-05-25 21:00:00'),
(1090, '枕头记忆棉', '宿舍生活用品，实用便捷，提升宿舍生活品质', 47.68, 176, 'physical', 4, 10, 'on_sale', '2024-05-25 21:00:00', '2024-05-25 21:00:00'),
(1091, '被子四件套', '宿舍生活用品，实用便捷，提升宿舍生活品质', 60.95, 97, 'physical', 4, 9, 'on_sale', '2024-05-25 21:00:00', '2024-05-25 21:00:00'),
(1092, '蚊帐宿舍上铺', '宿舍生活用品，实用便捷，提升宿舍生活品质', 67.19, 161, 'physical', 4, 4, 'on_sale', '2024-05-25 21:00:00', '2024-05-25 21:00:00'),
(1093, '风扇USB小型', '宿舍生活用品，实用便捷，提升宿舍生活品质', 25.02, 53, 'physical', 4, 2, 'on_sale', '2024-05-25 21:00:00', '2024-05-25 21:00:00'),
(1094, '加湿器迷你', '宿舍生活用品，实用便捷，提升宿舍生活品质', 25.30, 97, 'physical', 4, 6, 'on_sale', '2024-05-25 21:00:00', '2024-05-25 21:00:00'),
(1095, '三只松鼠每日坚果30包', '零食饮料，宿舍囤货必备，自习室充饥良品', 6.10, 282, 'digital', 5, 4, 'on_sale', '2024-05-25 21:00:00', '2024-05-25 21:00:00'),
(1096, '康师傅红烧牛肉面5连包', '零食饮料，宿舍囤货必备，自习室充饥良品', 7.36, 144, 'physical', 5, 1, 'on_sale', '2024-05-25 21:00:00', '2024-05-25 21:00:00'),
(1097, '卫龙辣条大面筋20包', '零食饮料，宿舍囤货必备，自习室充饥良品', 16.67, 140, 'physical', 5, 9, 'on_sale', '2024-05-25 21:00:00', '2024-05-25 21:00:00'),
(1098, '乐事薯片黄瓜味', '零食饮料，宿舍囤货必备，自习室充饥良品', 28.71, 484, 'physical', 5, 10, 'on_sale', '2024-05-25 21:00:00', '2024-05-25 21:00:00'),
(1099, '奥利奥饼干原味', '零食饮料，宿舍囤货必备，自习室充饥良品', 21.31, 455, 'physical', 5, 4, 'on_sale', '2024-05-25 21:00:00', '2024-05-25 21:00:00'),
(1100, '旺旺雪饼仙贝', '零食饮料，宿舍囤货必备，自习室充饥良品', 5.47, 102, 'physical', 5, 1, 'on_sale', '2024-05-25 21:00:00', '2024-05-25 21:00:00'),
(1101, '可口可乐330ml*12', '零食饮料，宿舍囤货必备，自习室充饥良品', 11.91, 167, 'physical', 5, 10, 'on_sale', '2024-05-25 21:00:00', '2024-05-25 21:00:00'),
(1102, '农夫山泉550ml*24', '零食饮料，宿舍囤货必备，自习室充饥良品', 12.92, 408, 'physical', 5, 8, 'on_sale', '2024-05-25 21:00:00', '2024-05-25 21:00:00'),
(1103, '统一冰红茶500ml*15', '零食饮料，宿舍囤货必备，自习室充饥良品', 21.12, 266, 'physical', 5, 2, 'on_sale', '2024-05-25 21:00:00', '2024-05-25 21:00:00'),
(1104, '三只松鼠碧根果', '零食饮料，宿舍囤货必备，自习室充饥良品', 23.82, 164, 'physical', 5, 4, 'on_sale', '2024-05-25 21:00:00', '2024-05-25 21:00:00'),
(1105, '良品铺子猪肉脯', '零食饮料，宿舍囤货必备，自习室充饥良品', 16.99, 498, 'physical', 5, 10, 'on_sale', '2024-05-25 21:00:00', '2024-05-25 21:00:00'),
(1106, '百草味夏威夷果', '零食饮料，宿舍囤货必备，自习室充饥良品', 19.94, 264, 'physical', 5, 4, 'on_sale', '2024-05-25 21:00:00', '2024-05-25 21:00:00'),
(1107, '来伊份牛肉干', '零食饮料，宿舍囤货必备，自习室充饥良品', 26.31, 355, 'physical', 5, 2, 'on_sale', '2024-05-25 21:00:00', '2024-05-25 21:00:00'),
(1108, '徐福记糖果混合装', '零食饮料，宿舍囤货必备，自习室充饥良品', 8.90, 105, 'physical', 5, 3, 'on_sale', '2024-05-25 21:00:00', '2024-05-25 21:00:00'),
(1109, '德芙巧克力礼盒', '零食饮料，宿舍囤货必备，自习室充饥良品', 9.84, 441, 'physical', 5, 1, 'on_sale', '2024-05-25 21:00:00', '2024-05-25 21:00:00'),
(1110, '旺旺牛奶', '零食饮料，宿舍囤货必备，自习室充饥良品', 25.56, 101, 'physical', 5, 5, 'on_sale', '2024-05-25 21:00:00', '2024-05-25 21:00:00'),
(1111, '蒙牛纯牛奶', '零食饮料，宿舍囤货必备，自习室充饥良品', 6.54, 256, 'physical', 5, 8, 'on_sale', '2024-05-25 21:00:00', '2024-05-25 21:00:00'),
(1112, '伊利酸奶', '零食饮料，宿舍囤货必备，自习室充饥良品', 25.57, 494, 'physical', 5, 10, 'on_sale', '2024-05-25 21:00:00', '2024-05-25 21:00:00'),
(1113, '康师傅绿茶', '零食饮料，宿舍囤货必备，自习室充饥良品', 22.93, 472, 'physical', 5, 3, 'on_sale', '2024-05-25 21:00:00', '2024-05-25 21:00:00'),
(1114, '雀巢咖啡速溶', '零食饮料，宿舍囤货必备，自习室充饥良品', 28.06, 334, 'physical', 5, 2, 'on_sale', '2024-05-25 21:00:00', '2024-05-25 21:00:00'),
(1115, '立顿红茶包', '零食饮料，宿舍囤货必备，自习室充饥良品', 18.02, 428, 'physical', 5, 10, 'on_sale', '2024-05-25 21:00:00', '2024-05-25 21:00:00'),
(1116, '香飘飘奶茶', '零食饮料，宿舍囤货必备，自习室充饥良品', 18.29, 149, 'physical', 5, 8, 'on_sale', '2024-05-25 21:00:00', '2024-05-25 21:00:00'),
(1117, '好丽友派', '零食饮料，宿舍囤货必备，自习室充饥良品', 20.73, 349, 'physical', 5, 7, 'on_sale', '2024-05-25 21:00:00', '2024-05-25 21:00:00'),
(1118, '达利园面包', '零食饮料，宿舍囤货必备，自习室充饥良品', 25.85, 315, 'physical', 5, 9, 'on_sale', '2024-05-25 21:00:00', '2024-05-25 21:00:00'),
(1119, '盼盼法式小面包', '零食饮料，宿舍囤货必备，自习室充饥良品', 11.85, 495, 'physical', 5, 2, 'on_sale', '2024-05-25 21:00:00', '2024-05-25 21:00:00'),
(1120, '卡夫威化饼干', '零食饮料，宿舍囤货必备，自习室充饥良品', 27.20, 377, 'physical', 5, 8, 'on_sale', '2024-05-25 21:00:00', '2024-05-25 21:00:00'),
(1121, '趣多多曲奇', '零食饮料，宿舍囤货必备，自习室充饥良品', 15.52, 243, 'physical', 5, 8, 'on_sale', '2024-05-25 21:00:00', '2024-05-25 21:00:00'),
(1122, '上好佳薯片', '零食饮料，宿舍囤货必备，自习室充饥良品', 17.18, 324, 'physical', 5, 5, 'on_sale', '2024-05-25 21:00:00', '2024-05-25 21:00:00'),
(1123, '乐事薯片番茄味', '零食饮料，宿舍囤货必备，自习室充饥良品', 21.53, 217, 'physical', 5, 7, 'on_sale', '2024-05-25 21:00:00', '2024-05-25 21:00:00'),
(1124, '三只松鼠开心果', '零食饮料，宿舍囤货必备，自习室充饥良品', 23.67, 213, 'physical', 5, 1, 'on_sale', '2024-05-25 21:00:00', '2024-05-25 21:00:00'),
(1125, '李宁7号篮球', '运动装备，适合操场健身房使用，质量可靠耐用', 134.26, 102, 'physical', 6, 5, 'on_sale', '2024-05-25 21:00:00', '2024-05-25 21:00:00'),
(1126, '迪卡侬瑜伽垫10mm', '运动装备，适合操场健身房使用，质量可靠耐用', 174.83, 67, 'physical', 6, 1, 'on_sale', '2024-05-25 21:00:00', '2024-05-25 21:00:00'),
(1127, '安踏运动鞋跑步', '运动装备，适合操场健身房使用，质量可靠耐用', 87.25, 32, 'physical', 6, 2, 'on_sale', '2024-05-25 21:00:00', '2024-05-25 21:00:00'),
(1128, '李宁羽毛球拍', '运动装备，适合操场健身房使用，质量可靠耐用', 262.40, 59, 'physical', 6, 3, 'on_sale', '2024-05-25 21:00:00', '2024-05-25 21:00:00'),
(1129, '迪卡侬跳绳', '运动装备，适合操场健身房使用，质量可靠耐用', 149.72, 115, 'physical', 6, 9, 'on_sale', '2024-05-25 21:00:00', '2024-05-25 21:00:00'),
(1130, '安踏运动袜5双装', '运动装备，适合操场健身房使用，质量可靠耐用', 293.71, 105, 'physical', 6, 8, 'on_sale', '2024-05-25 21:00:00', '2024-05-25 21:00:00'),
(1131, '李宁运动背包', '运动装备，适合操场健身房使用，质量可靠耐用', 89.78, 28, 'physical', 6, 4, 'on_sale', '2024-05-25 21:00:00', '2024-05-25 21:00:00'),
(1132, '迪卡侬哑铃5kg', '运动装备，适合操场健身房使用，质量可靠耐用', 223.83, 81, 'physical', 6, 3, 'on_sale', '2024-05-25 21:00:00', '2024-05-25 21:00:00'),
(1133, '安踏运动毛巾', '运动装备，适合操场健身房使用，质量可靠耐用', 285.28, 95, 'physical', 6, 3, 'on_sale', '2024-05-25 21:00:00', '2024-05-25 21:00:00'),
(1134, '李宁护腕护膝套装', '运动装备，适合操场健身房使用，质量可靠耐用', 221.51, 77, 'physical', 6, 10, 'on_sale', '2024-05-25 21:00:00', '2024-05-25 21:00:00'),
(1135, '迪卡侬瑜伽球', '运动装备，适合操场健身房使用，质量可靠耐用', 101.26, 87, 'physical', 6, 3, 'on_sale', '2024-05-25 21:00:00', '2024-05-25 21:00:00'),
(1136, '安踏运动水壶', '运动装备，适合操场健身房使用，质量可靠耐用', 75.42, 120, 'digital', 6, 1, 'on_sale', '2024-05-25 21:00:00', '2024-05-25 21:00:00'),
(1137, '李宁乒乓球拍', '运动装备，适合操场健身房使用，质量可靠耐用', 107.34, 115, 'physical', 6, 10, 'on_sale', '2024-05-25 21:00:00', '2024-05-25 21:00:00'),
(1138, '迪卡侬阻力带', '运动装备，适合操场健身房使用，质量可靠耐用', 145.63, 95, 'physical', 6, 1, 'on_sale', '2024-05-25 21:00:00', '2024-05-25 21:00:00'),
(1139, '安踏运动帽', '运动装备，适合操场健身房使用，质量可靠耐用', 214.66, 27, 'physical', 6, 4, 'on_sale', '2024-05-25 21:00:00', '2024-05-25 21:00:00'),
(1140, '李宁足球5号', '运动装备，适合操场健身房使用，质量可靠耐用', 138.77, 66, 'physical', 6, 1, 'on_sale', '2024-05-25 21:00:00', '2024-05-25 21:00:00'),
(1141, '迪卡侬游泳镜', '运动装备，适合操场健身房使用，质量可靠耐用', 279.58, 86, 'physical', 6, 4, 'on_sale', '2024-05-25 21:00:00', '2024-05-25 21:00:00'),
(1142, '安踏运动腰包', '运动装备，适合操场健身房使用，质量可靠耐用', 158.21, 95, 'physical', 6, 3, 'on_sale', '2024-05-25 21:00:00', '2024-05-25 21:00:00'),
(1143, '李宁网球拍', '运动装备，适合操场健身房使用，质量可靠耐用', 167.75, 21, 'physical', 6, 10, 'on_sale', '2024-05-25 21:00:00', '2024-05-25 21:00:00'),
(1144, '迪卡侬健身手套', '运动装备，适合操场健身房使用，质量可靠耐用', 290.82, 37, 'physical', 6, 7, 'on_sale', '2024-05-25 21:00:00', '2024-05-25 21:00:00'),
(1145, '安踏运动护具', '运动装备，适合操场健身房使用，质量可靠耐用', 109.50, 118, 'physical', 6, 10, 'on_sale', '2024-05-25 21:00:00', '2024-05-25 21:00:00'),
(1146, '李宁排球', '运动装备，适合操场健身房使用，质量可靠耐用', 133.75, 109, 'physical', 6, 2, 'on_sale', '2024-05-25 21:00:00', '2024-05-25 21:00:00'),
(1147, '迪卡侬瑜伽服', '运动装备，适合操场健身房使用，质量可靠耐用', 38.30, 50, 'physical', 6, 8, 'on_sale', '2024-05-25 21:00:00', '2024-05-25 21:00:00'),
(1148, '安踏运动短裤', '运动装备，适合操场健身房使用，质量可靠耐用', 255.44, 48, 'physical', 6, 10, 'on_sale', '2024-05-25 21:00:00', '2024-05-25 21:00:00'),
(1149, '李宁运动T恤', '运动装备，适合操场健身房使用，质量可靠耐用', 111.14, 107, 'physical', 6, 10, 'on_sale', '2024-05-25 21:00:00', '2024-05-25 21:00:00')
ON DUPLICATE KEY UPDATE updated_at = VALUES(updated_at);

-- 商品图片
INSERT INTO product_media (product_id, media_url, media_type, display_order) VALUES
(1000, 'https://images.unsplash.com/photo-9061524?w=800', 'image', 0),
(1001, 'https://images.unsplash.com/photo-6722174?w=800', 'image', 0),
(1001, 'https://images.unsplash.com/photo-2672677?w=800', 'image', 1),
(1002, 'https://images.unsplash.com/photo-7705332?w=800', 'image', 0),
(1002, 'https://images.unsplash.com/photo-6179968?w=800', 'image', 1),
(1003, 'https://images.unsplash.com/photo-5567581?w=800', 'image', 0),
(1004, 'https://images.unsplash.com/photo-8804331?w=800', 'image', 0),
(1005, 'https://images.unsplash.com/photo-2230967?w=800', 'image', 0),
(1005, 'https://images.unsplash.com/photo-2376052?w=800', 'image', 1),
(1005, 'https://images.unsplash.com/photo-7819103?w=800', 'image', 2),
(1006, 'https://images.unsplash.com/photo-5982570?w=800', 'image', 0),
(1006, 'https://images.unsplash.com/photo-6445751?w=800', 'image', 1),
(1007, 'https://images.unsplash.com/photo-9262189?w=800', 'image', 0),
(1008, 'https://images.unsplash.com/photo-7459703?w=800', 'image', 0),
(1009, 'https://images.unsplash.com/photo-1074044?w=800', 'image', 0),
(1010, 'https://images.unsplash.com/photo-1290343?w=800', 'image', 0),
(1011, 'https://images.unsplash.com/photo-4544779?w=800', 'image', 0),
(1011, 'https://images.unsplash.com/photo-9277682?w=800', 'image', 1),
(1011, 'https://images.unsplash.com/photo-2610745?w=800', 'image', 2),
(1012, 'https://images.unsplash.com/photo-5550069?w=800', 'image', 0),
(1013, 'https://images.unsplash.com/photo-2236800?w=800', 'image', 0),
(1013, 'https://images.unsplash.com/photo-1843710?w=800', 'image', 1),
(1013, 'https://images.unsplash.com/photo-4554014?w=800', 'image', 2),
(1014, 'https://images.unsplash.com/photo-1775896?w=800', 'image', 0),
(1014, 'https://images.unsplash.com/photo-3343053?w=800', 'image', 1),
(1015, 'https://images.unsplash.com/photo-9260147?w=800', 'image', 0),
(1016, 'https://images.unsplash.com/photo-6723871?w=800', 'image', 0),
(1017, 'https://images.unsplash.com/photo-1310352?w=800', 'image', 0),
(1017, 'https://images.unsplash.com/photo-2445138?w=800', 'image', 1),
(1018, 'https://images.unsplash.com/photo-8732403?w=800', 'image', 0),
(1018, 'https://images.unsplash.com/photo-3133013?w=800', 'image', 1),
(1018, 'https://images.unsplash.com/photo-6313632?w=800', 'image', 2),
(1019, 'https://images.unsplash.com/photo-1014992?w=800', 'image', 0),
(1019, 'https://images.unsplash.com/photo-9355212?w=800', 'image', 1),
(1020, 'https://images.unsplash.com/photo-8557227?w=800', 'image', 0),
(1020, 'https://images.unsplash.com/photo-1004652?w=800', 'image', 1),
(1020, 'https://images.unsplash.com/photo-4815091?w=800', 'image', 2),
(1021, 'https://images.unsplash.com/photo-3793217?w=800', 'image', 0),
(1021, 'https://images.unsplash.com/photo-2125539?w=800', 'image', 1),
(1021, 'https://images.unsplash.com/photo-5392981?w=800', 'image', 2),
(1022, 'https://images.unsplash.com/photo-5940000?w=800', 'image', 0),
(1022, 'https://images.unsplash.com/photo-1476252?w=800', 'image', 1),
(1023, 'https://images.unsplash.com/photo-8654210?w=800', 'image', 0),
(1023, 'https://images.unsplash.com/photo-6970524?w=800', 'image', 1),
(1023, 'https://images.unsplash.com/photo-6670397?w=800', 'image', 2),
(1024, 'https://images.unsplash.com/photo-7481535?w=800', 'image', 0),
(1024, 'https://images.unsplash.com/photo-4894531?w=800', 'image', 1),
(1025, 'https://images.unsplash.com/photo-8876041?w=800', 'image', 0),
(1025, 'https://images.unsplash.com/photo-7543070?w=800', 'image', 1),
(1025, 'https://images.unsplash.com/photo-3152476?w=800', 'image', 2),
(1026, 'https://images.unsplash.com/photo-2250732?w=800', 'image', 0),
(1027, 'https://images.unsplash.com/photo-4233438?w=800', 'image', 0),
(1027, 'https://images.unsplash.com/photo-6665567?w=800', 'image', 1),
(1028, 'https://images.unsplash.com/photo-8690202?w=800', 'image', 0),
(1029, 'https://images.unsplash.com/photo-5426110?w=800', 'image', 0),
(1030, 'https://images.unsplash.com/photo-6017946?w=800', 'image', 0),
(1030, 'https://images.unsplash.com/photo-4918309?w=800', 'image', 1),
(1030, 'https://images.unsplash.com/photo-4215214?w=800', 'image', 2),
(1031, 'https://images.unsplash.com/photo-6468861?w=800', 'image', 0),
(1031, 'https://images.unsplash.com/photo-7601076?w=800', 'image', 1),
(1031, 'https://images.unsplash.com/photo-1483556?w=800', 'image', 2),
(1032, 'https://images.unsplash.com/photo-2990925?w=800', 'image', 0),
(1032, 'https://images.unsplash.com/photo-1916831?w=800', 'image', 1),
(1033, 'https://images.unsplash.com/photo-5967430?w=800', 'image', 0),
(1033, 'https://images.unsplash.com/photo-2219723?w=800', 'image', 1),
(1034, 'https://images.unsplash.com/photo-9331519?w=800', 'image', 0),
(1034, 'https://images.unsplash.com/photo-5847600?w=800', 'image', 1),
(1034, 'https://images.unsplash.com/photo-4395547?w=800', 'image', 2),
(1035, 'https://images.unsplash.com/photo-2747520?w=800', 'image', 0),
(1035, 'https://images.unsplash.com/photo-9850084?w=800', 'image', 1),
(1036, 'https://images.unsplash.com/photo-4078220?w=800', 'image', 0),
(1036, 'https://images.unsplash.com/photo-3716730?w=800', 'image', 1),
(1036, 'https://images.unsplash.com/photo-3958833?w=800', 'image', 2),
(1037, 'https://images.unsplash.com/photo-4901747?w=800', 'image', 0),
(1038, 'https://images.unsplash.com/photo-5760205?w=800', 'image', 0),
(1038, 'https://images.unsplash.com/photo-4433338?w=800', 'image', 1),
(1038, 'https://images.unsplash.com/photo-5129989?w=800', 'image', 2),
(1039, 'https://images.unsplash.com/photo-7263252?w=800', 'image', 0),
(1040, 'https://images.unsplash.com/photo-7812587?w=800', 'image', 0),
(1040, 'https://images.unsplash.com/photo-6825664?w=800', 'image', 1),
(1041, 'https://images.unsplash.com/photo-9177206?w=800', 'image', 0),
(1041, 'https://images.unsplash.com/photo-5989372?w=800', 'image', 1),
(1042, 'https://images.unsplash.com/photo-8210638?w=800', 'image', 0),
(1043, 'https://images.unsplash.com/photo-1877890?w=800', 'image', 0),
(1043, 'https://images.unsplash.com/photo-1693250?w=800', 'image', 1),
(1043, 'https://images.unsplash.com/photo-6080460?w=800', 'image', 2),
(1044, 'https://images.unsplash.com/photo-9008366?w=800', 'image', 0),
(1044, 'https://images.unsplash.com/photo-1375840?w=800', 'image', 1),
(1044, 'https://images.unsplash.com/photo-2166166?w=800', 'image', 2),
(1045, 'https://images.unsplash.com/photo-9493974?w=800', 'image', 0),
(1045, 'https://images.unsplash.com/photo-4322723?w=800', 'image', 1),
(1046, 'https://images.unsplash.com/photo-9685370?w=800', 'image', 0),
(1046, 'https://images.unsplash.com/photo-4463950?w=800', 'image', 1),
(1047, 'https://images.unsplash.com/photo-1466100?w=800', 'image', 0),
(1047, 'https://images.unsplash.com/photo-6570512?w=800', 'image', 1),
(1048, 'https://images.unsplash.com/photo-7127526?w=800', 'image', 0),
(1048, 'https://images.unsplash.com/photo-5995201?w=800', 'image', 1),
(1049, 'https://images.unsplash.com/photo-1697387?w=800', 'image', 0),
(1050, 'https://images.unsplash.com/photo-2752411?w=800', 'image', 0),
(1050, 'https://images.unsplash.com/photo-7915280?w=800', 'image', 1),
(1050, 'https://images.unsplash.com/photo-7252078?w=800', 'image', 2),
(1051, 'https://images.unsplash.com/photo-8419344?w=800', 'image', 0),
(1051, 'https://images.unsplash.com/photo-3357585?w=800', 'image', 1),
(1051, 'https://images.unsplash.com/photo-9510988?w=800', 'image', 2),
(1052, 'https://images.unsplash.com/photo-1339890?w=800', 'image', 0),
(1052, 'https://images.unsplash.com/photo-5728713?w=800', 'image', 1),
(1052, 'https://images.unsplash.com/photo-5600622?w=800', 'image', 2),
(1053, 'https://images.unsplash.com/photo-2347581?w=800', 'image', 0),
(1053, 'https://images.unsplash.com/photo-4963800?w=800', 'image', 1),
(1053, 'https://images.unsplash.com/photo-8794287?w=800', 'image', 2),
(1054, 'https://images.unsplash.com/photo-5966341?w=800', 'image', 0),
(1054, 'https://images.unsplash.com/photo-9631397?w=800', 'image', 1),
(1054, 'https://images.unsplash.com/photo-6485185?w=800', 'image', 2),
(1055, 'https://images.unsplash.com/photo-8347863?w=800', 'image', 0),
(1055, 'https://images.unsplash.com/photo-4341746?w=800', 'image', 1),
(1055, 'https://images.unsplash.com/photo-5975220?w=800', 'image', 2),
(1056, 'https://images.unsplash.com/photo-5417815?w=800', 'image', 0),
(1057, 'https://images.unsplash.com/photo-8132676?w=800', 'image', 0),
(1057, 'https://images.unsplash.com/photo-7824083?w=800', 'image', 1),
(1057, 'https://images.unsplash.com/photo-4022888?w=800', 'image', 2),
(1058, 'https://images.unsplash.com/photo-5609894?w=800', 'image', 0),
(1058, 'https://images.unsplash.com/photo-7048016?w=800', 'image', 1),
(1058, 'https://images.unsplash.com/photo-9359924?w=800', 'image', 2),
(1059, 'https://images.unsplash.com/photo-9003468?w=800', 'image', 0),
(1060, 'https://images.unsplash.com/photo-6160819?w=800', 'image', 0),
(1060, 'https://images.unsplash.com/photo-8327204?w=800', 'image', 1),
(1060, 'https://images.unsplash.com/photo-1458203?w=800', 'image', 2),
(1061, 'https://images.unsplash.com/photo-5786196?w=800', 'image', 0),
(1061, 'https://images.unsplash.com/photo-1576232?w=800', 'image', 1),
(1062, 'https://images.unsplash.com/photo-6317322?w=800', 'image', 0),
(1062, 'https://images.unsplash.com/photo-5053242?w=800', 'image', 1),
(1062, 'https://images.unsplash.com/photo-6169300?w=800', 'image', 2),
(1063, 'https://images.unsplash.com/photo-4240436?w=800', 'image', 0),
(1063, 'https://images.unsplash.com/photo-1297919?w=800', 'image', 1),
(1063, 'https://images.unsplash.com/photo-9754572?w=800', 'image', 2),
(1064, 'https://images.unsplash.com/photo-5609538?w=800', 'image', 0),
(1064, 'https://images.unsplash.com/photo-9159704?w=800', 'image', 1),
(1064, 'https://images.unsplash.com/photo-4516951?w=800', 'image', 2),
(1065, 'https://images.unsplash.com/photo-5786218?w=800', 'image', 0),
(1065, 'https://images.unsplash.com/photo-5413163?w=800', 'image', 1),
(1065, 'https://images.unsplash.com/photo-2547255?w=800', 'image', 2),
(1066, 'https://images.unsplash.com/photo-5370624?w=800', 'image', 0),
(1067, 'https://images.unsplash.com/photo-4594391?w=800', 'image', 0),
(1068, 'https://images.unsplash.com/photo-6337615?w=800', 'image', 0),
(1068, 'https://images.unsplash.com/photo-6182501?w=800', 'image', 1),
(1068, 'https://images.unsplash.com/photo-1237226?w=800', 'image', 2),
(1069, 'https://images.unsplash.com/photo-2315768?w=800', 'image', 0),
(1070, 'https://images.unsplash.com/photo-1446357?w=800', 'image', 0),
(1070, 'https://images.unsplash.com/photo-4106848?w=800', 'image', 1),
(1071, 'https://images.unsplash.com/photo-2260713?w=800', 'image', 0),
(1071, 'https://images.unsplash.com/photo-4700029?w=800', 'image', 1),
(1072, 'https://images.unsplash.com/photo-6869908?w=800', 'image', 0),
(1072, 'https://images.unsplash.com/photo-8317798?w=800', 'image', 1),
(1072, 'https://images.unsplash.com/photo-3148254?w=800', 'image', 2),
(1073, 'https://images.unsplash.com/photo-1365081?w=800', 'image', 0),
(1073, 'https://images.unsplash.com/photo-2439302?w=800', 'image', 1),
(1073, 'https://images.unsplash.com/photo-9976678?w=800', 'image', 2),
(1074, 'https://images.unsplash.com/photo-5943530?w=800', 'image', 0),
(1074, 'https://images.unsplash.com/photo-3530013?w=800', 'image', 1),
(1075, 'https://images.unsplash.com/photo-9261382?w=800', 'image', 0),
(1075, 'https://images.unsplash.com/photo-7926675?w=800', 'image', 1),
(1075, 'https://images.unsplash.com/photo-1948683?w=800', 'image', 2),
(1076, 'https://images.unsplash.com/photo-9503224?w=800', 'image', 0),
(1077, 'https://images.unsplash.com/photo-1247723?w=800', 'image', 0),
(1077, 'https://images.unsplash.com/photo-9759619?w=800', 'image', 1),
(1078, 'https://images.unsplash.com/photo-5177116?w=800', 'image', 0),
(1078, 'https://images.unsplash.com/photo-1963163?w=800', 'image', 1),
(1078, 'https://images.unsplash.com/photo-6403484?w=800', 'image', 2),
(1079, 'https://images.unsplash.com/photo-5501988?w=800', 'image', 0),
(1080, 'https://images.unsplash.com/photo-1441125?w=800', 'image', 0),
(1080, 'https://images.unsplash.com/photo-2081910?w=800', 'image', 1),
(1080, 'https://images.unsplash.com/photo-1509183?w=800', 'image', 2),
(1081, 'https://images.unsplash.com/photo-5621412?w=800', 'image', 0),
(1082, 'https://images.unsplash.com/photo-1286849?w=800', 'image', 0),
(1083, 'https://images.unsplash.com/photo-5674225?w=800', 'image', 0),
(1083, 'https://images.unsplash.com/photo-2912942?w=800', 'image', 1),
(1084, 'https://images.unsplash.com/photo-6747417?w=800', 'image', 0),
(1084, 'https://images.unsplash.com/photo-8713954?w=800', 'image', 1),
(1084, 'https://images.unsplash.com/photo-1288288?w=800', 'image', 2),
(1085, 'https://images.unsplash.com/photo-6264616?w=800', 'image', 0),
(1085, 'https://images.unsplash.com/photo-8232743?w=800', 'image', 1),
(1085, 'https://images.unsplash.com/photo-2730026?w=800', 'image', 2),
(1086, 'https://images.unsplash.com/photo-3504374?w=800', 'image', 0),
(1087, 'https://images.unsplash.com/photo-1950967?w=800', 'image', 0),
(1087, 'https://images.unsplash.com/photo-6403996?w=800', 'image', 1),
(1088, 'https://images.unsplash.com/photo-8117790?w=800', 'image', 0),
(1088, 'https://images.unsplash.com/photo-3887086?w=800', 'image', 1),
(1089, 'https://images.unsplash.com/photo-6141120?w=800', 'image', 0),
(1089, 'https://images.unsplash.com/photo-5403018?w=800', 'image', 1),
(1089, 'https://images.unsplash.com/photo-9753995?w=800', 'image', 2),
(1090, 'https://images.unsplash.com/photo-7399210?w=800', 'image', 0),
(1090, 'https://images.unsplash.com/photo-1273261?w=800', 'image', 1),
(1090, 'https://images.unsplash.com/photo-1443085?w=800', 'image', 2),
(1091, 'https://images.unsplash.com/photo-4699588?w=800', 'image', 0),
(1091, 'https://images.unsplash.com/photo-3026492?w=800', 'image', 1),
(1092, 'https://images.unsplash.com/photo-5504605?w=800', 'image', 0),
(1092, 'https://images.unsplash.com/photo-8252940?w=800', 'image', 1),
(1093, 'https://images.unsplash.com/photo-6403450?w=800', 'image', 0),
(1094, 'https://images.unsplash.com/photo-5798864?w=800', 'image', 0),
(1094, 'https://images.unsplash.com/photo-6311087?w=800', 'image', 1),
(1094, 'https://images.unsplash.com/photo-7005001?w=800', 'image', 2),
(1095, 'https://images.unsplash.com/photo-8041063?w=800', 'image', 0),
(1095, 'https://images.unsplash.com/photo-5775788?w=800', 'image', 1),
(1095, 'https://images.unsplash.com/photo-6002806?w=800', 'image', 2),
(1096, 'https://images.unsplash.com/photo-3777348?w=800', 'image', 0),
(1096, 'https://images.unsplash.com/photo-4975757?w=800', 'image', 1),
(1097, 'https://images.unsplash.com/photo-6808554?w=800', 'image', 0),
(1097, 'https://images.unsplash.com/photo-3358736?w=800', 'image', 1),
(1098, 'https://images.unsplash.com/photo-5151260?w=800', 'image', 0),
(1098, 'https://images.unsplash.com/photo-6564716?w=800', 'image', 1),
(1099, 'https://images.unsplash.com/photo-4540762?w=800', 'image', 0),
(1099, 'https://images.unsplash.com/photo-5458082?w=800', 'image', 1),
(1099, 'https://images.unsplash.com/photo-1434952?w=800', 'image', 2),
(1100, 'https://images.unsplash.com/photo-3610988?w=800', 'image', 0),
(1101, 'https://images.unsplash.com/photo-7122181?w=800', 'image', 0),
(1102, 'https://images.unsplash.com/photo-7254148?w=800', 'image', 0),
(1102, 'https://images.unsplash.com/photo-3390858?w=800', 'image', 1),
(1102, 'https://images.unsplash.com/photo-5056659?w=800', 'image', 2),
(1103, 'https://images.unsplash.com/photo-6213111?w=800', 'image', 0),
(1104, 'https://images.unsplash.com/photo-2392454?w=800', 'image', 0),
(1104, 'https://images.unsplash.com/photo-8342180?w=800', 'image', 1),
(1104, 'https://images.unsplash.com/photo-7296082?w=800', 'image', 2),
(1105, 'https://images.unsplash.com/photo-3431965?w=800', 'image', 0),
(1106, 'https://images.unsplash.com/photo-5831407?w=800', 'image', 0),
(1106, 'https://images.unsplash.com/photo-3825357?w=800', 'image', 1),
(1106, 'https://images.unsplash.com/photo-3297747?w=800', 'image', 2),
(1107, 'https://images.unsplash.com/photo-9613335?w=800', 'image', 0),
(1108, 'https://images.unsplash.com/photo-6510568?w=800', 'image', 0),
(1109, 'https://images.unsplash.com/photo-8831414?w=800', 'image', 0),
(1109, 'https://images.unsplash.com/photo-8022271?w=800', 'image', 1),
(1109, 'https://images.unsplash.com/photo-4777685?w=800', 'image', 2),
(1110, 'https://images.unsplash.com/photo-5164320?w=800', 'image', 0),
(1111, 'https://images.unsplash.com/photo-7098508?w=800', 'image', 0),
(1111, 'https://images.unsplash.com/photo-4663471?w=800', 'image', 1),
(1111, 'https://images.unsplash.com/photo-4208880?w=800', 'image', 2),
(1112, 'https://images.unsplash.com/photo-1340672?w=800', 'image', 0),
(1112, 'https://images.unsplash.com/photo-5737018?w=800', 'image', 1),
(1113, 'https://images.unsplash.com/photo-2250392?w=800', 'image', 0),
(1113, 'https://images.unsplash.com/photo-1178917?w=800', 'image', 1),
(1113, 'https://images.unsplash.com/photo-6875233?w=800', 'image', 2),
(1114, 'https://images.unsplash.com/photo-1186157?w=800', 'image', 0),
(1114, 'https://images.unsplash.com/photo-8028206?w=800', 'image', 1),
(1115, 'https://images.unsplash.com/photo-4027407?w=800', 'image', 0),
(1116, 'https://images.unsplash.com/photo-6532177?w=800', 'image', 0),
(1116, 'https://images.unsplash.com/photo-4972439?w=800', 'image', 1),
(1116, 'https://images.unsplash.com/photo-3183690?w=800', 'image', 2),
(1117, 'https://images.unsplash.com/photo-7942675?w=800', 'image', 0),
(1117, 'https://images.unsplash.com/photo-6074875?w=800', 'image', 1),
(1118, 'https://images.unsplash.com/photo-8105567?w=800', 'image', 0),
(1118, 'https://images.unsplash.com/photo-5616470?w=800', 'image', 1),
(1118, 'https://images.unsplash.com/photo-8650673?w=800', 'image', 2),
(1119, 'https://images.unsplash.com/photo-5315975?w=800', 'image', 0),
(1119, 'https://images.unsplash.com/photo-1882861?w=800', 'image', 1),
(1119, 'https://images.unsplash.com/photo-4334675?w=800', 'image', 2),
(1120, 'https://images.unsplash.com/photo-4275404?w=800', 'image', 0),
(1120, 'https://images.unsplash.com/photo-3766642?w=800', 'image', 1),
(1120, 'https://images.unsplash.com/photo-7542237?w=800', 'image', 2),
(1121, 'https://images.unsplash.com/photo-8581162?w=800', 'image', 0),
(1121, 'https://images.unsplash.com/photo-1408667?w=800', 'image', 1),
(1122, 'https://images.unsplash.com/photo-1018348?w=800', 'image', 0),
(1123, 'https://images.unsplash.com/photo-4017290?w=800', 'image', 0),
(1123, 'https://images.unsplash.com/photo-5694184?w=800', 'image', 1),
(1124, 'https://images.unsplash.com/photo-2185664?w=800', 'image', 0),
(1124, 'https://images.unsplash.com/photo-6662757?w=800', 'image', 1),
(1124, 'https://images.unsplash.com/photo-6006015?w=800', 'image', 2),
(1125, 'https://images.unsplash.com/photo-4234983?w=800', 'image', 0),
(1126, 'https://images.unsplash.com/photo-2801460?w=800', 'image', 0),
(1126, 'https://images.unsplash.com/photo-8194935?w=800', 'image', 1),
(1127, 'https://images.unsplash.com/photo-3462023?w=800', 'image', 0),
(1128, 'https://images.unsplash.com/photo-3638082?w=800', 'image', 0),
(1128, 'https://images.unsplash.com/photo-6205483?w=800', 'image', 1),
(1129, 'https://images.unsplash.com/photo-6523674?w=800', 'image', 0),
(1129, 'https://images.unsplash.com/photo-8650484?w=800', 'image', 1),
(1129, 'https://images.unsplash.com/photo-2835573?w=800', 'image', 2),
(1130, 'https://images.unsplash.com/photo-1205532?w=800', 'image', 0),
(1130, 'https://images.unsplash.com/photo-7403988?w=800', 'image', 1),
(1131, 'https://images.unsplash.com/photo-5330380?w=800', 'image', 0),
(1131, 'https://images.unsplash.com/photo-3939238?w=800', 'image', 1),
(1131, 'https://images.unsplash.com/photo-2957358?w=800', 'image', 2),
(1132, 'https://images.unsplash.com/photo-3099319?w=800', 'image', 0),
(1132, 'https://images.unsplash.com/photo-9878323?w=800', 'image', 1),
(1132, 'https://images.unsplash.com/photo-2786801?w=800', 'image', 2),
(1133, 'https://images.unsplash.com/photo-4030605?w=800', 'image', 0),
(1134, 'https://images.unsplash.com/photo-9321462?w=800', 'image', 0),
(1134, 'https://images.unsplash.com/photo-7219069?w=800', 'image', 1),
(1135, 'https://images.unsplash.com/photo-2476241?w=800', 'image', 0),
(1135, 'https://images.unsplash.com/photo-9534960?w=800', 'image', 1),
(1135, 'https://images.unsplash.com/photo-5187213?w=800', 'image', 2),
(1136, 'https://images.unsplash.com/photo-6795631?w=800', 'image', 0),
(1136, 'https://images.unsplash.com/photo-4892566?w=800', 'image', 1),
(1136, 'https://images.unsplash.com/photo-3710183?w=800', 'image', 2),
(1137, 'https://images.unsplash.com/photo-6327482?w=800', 'image', 0),
(1138, 'https://images.unsplash.com/photo-6481506?w=800', 'image', 0),
(1138, 'https://images.unsplash.com/photo-9166089?w=800', 'image', 1),
(1139, 'https://images.unsplash.com/photo-9191931?w=800', 'image', 0),
(1140, 'https://images.unsplash.com/photo-6439258?w=800', 'image', 0),
(1140, 'https://images.unsplash.com/photo-8534045?w=800', 'image', 1),
(1141, 'https://images.unsplash.com/photo-4458621?w=800', 'image', 0),
(1141, 'https://images.unsplash.com/photo-8228549?w=800', 'image', 1),
(1142, 'https://images.unsplash.com/photo-1094722?w=800', 'image', 0),
(1143, 'https://images.unsplash.com/photo-6155752?w=800', 'image', 0),
(1143, 'https://images.unsplash.com/photo-2618695?w=800', 'image', 1),
(1144, 'https://images.unsplash.com/photo-1503849?w=800', 'image', 0),
(1144, 'https://images.unsplash.com/photo-7439181?w=800', 'image', 1),
(1144, 'https://images.unsplash.com/photo-6239322?w=800', 'image', 2),
(1145, 'https://images.unsplash.com/photo-9945756?w=800', 'image', 0),
(1145, 'https://images.unsplash.com/photo-1255612?w=800', 'image', 1),
(1146, 'https://images.unsplash.com/photo-4254543?w=800', 'image', 0),
(1147, 'https://images.unsplash.com/photo-7648353?w=800', 'image', 0),
(1147, 'https://images.unsplash.com/photo-7492467?w=800', 'image', 1),
(1147, 'https://images.unsplash.com/photo-7450414?w=800', 'image', 2),
(1148, 'https://images.unsplash.com/photo-1337303?w=800', 'image', 0),
(1149, 'https://images.unsplash.com/photo-6907884?w=800', 'image', 0),
(1149, 'https://images.unsplash.com/photo-9843218?w=800', 'image', 1),
(1149, 'https://images.unsplash.com/photo-2790158?w=800', 'image', 2)
ON DUPLICATE KEY UPDATE media_url = VALUES(media_url);

-- 商品评价
INSERT INTO reviews (product_id, user_id, rating, content, status, created_at) VALUES
(1000, 9, 3, '考试周救命神器，帮了大忙，感谢店家', 'approved', '2026-05-25 04:04:45'),
(1000, 5, 5, '操场训练专用，质量扎实，值得入手', 'approved', '2026-05-25 01:22:11'),
(1000, 10, 4, '自习室必备，用了一学期还很好，推荐购买', 'approved', '2026-05-24 20:55:13'),
(1000, 2, 5, '考试周救命神器，帮了大忙，感谢店家', 'approved', '2026-05-25 13:47:35'),
(1000, 4, 5, '课堂上用很方便，老师也推荐这个牌子', 'approved', '2026-05-24 18:53:54'),
(1001, 12, 5, '宿舍囤货神器，价格实惠，会回购', 'approved', '2026-05-24 18:14:58'),
(1001, 8, 3, '操场训练专用，质量扎实，值得入手', 'approved', '2026-05-24 23:57:15'),
(1001, 1, 5, '操场训练专用，质量扎实，值得入手', 'approved', '2026-05-25 12:33:15'),
(1002, 6, 5, '宿舍囤货神器，价格实惠，会回购', 'approved', '2026-05-24 21:19:04'),
(1002, 11, 4, '课堂上用很方便，老师也推荐这个牌子', 'approved', '2026-05-25 06:00:52'),
(1002, 17, 3, '宿舍囤货神器，价格实惠，会回购', 'approved', '2026-05-25 08:41:40'),
(1002, 12, 3, '自习室必备，用了一学期还很好，推荐购买', 'approved', '2026-05-25 11:37:05'),
(1002, 16, 3, '考试周救命神器，帮了大忙，感谢店家', 'approved', '2026-05-24 20:51:15'),
(1003, 1, 5, '宿舍囤货神器，价格实惠，会回购', 'approved', '2026-05-24 19:17:20'),
(1003, 14, 5, '图书馆学习必备，效果很好，五星好评', 'approved', '2026-05-25 12:32:24'),
(1003, 9, 4, '质量不错，性价比很高，宿舍室友都说好用', 'approved', '2026-05-25 01:42:43'),
(1003, 2, 5, '操场训练专用，质量扎实，值得入手', 'approved', '2026-05-24 20:47:24'),
(1004, 3, 5, '质量不错，性价比很高，宿舍室友都说好用', 'approved', '2026-05-24 20:49:09'),
(1004, 9, 4, '考试周救命神器，帮了大忙，感谢店家', 'approved', '2026-05-24 21:35:58'),
(1004, 13, 3, '课堂上用很方便，老师也推荐这个牌子', 'approved', '2026-05-24 19:43:22'),
(1004, 3, 4, '宿舍囤货神器，价格实惠，会回购', 'approved', '2026-05-25 07:23:23'),
(1004, 1, 5, '考试周救命神器，帮了大忙，感谢店家', 'approved', '2026-05-25 13:38:13'),
(1005, 20, 4, '宿舍囤货神器，价格实惠，会回购', 'approved', '2026-05-25 02:48:15'),
(1005, 17, 5, '质量不错，性价比很高，宿舍室友都说好用', 'approved', '2026-05-25 00:56:10'),
(1005, 11, 5, '宿舍囤货神器，价格实惠，会回购', 'approved', '2026-05-25 00:38:42'),
(1006, 20, 4, '体育课指定装备，大家都在用，质量放心', 'approved', '2026-05-25 13:48:02'),
(1006, 16, 5, '课堂上用很方便，老师也推荐这个牌子', 'approved', '2026-05-24 23:16:07'),
(1006, 18, 5, '图书馆学习必备，效果很好，五星好评', 'approved', '2026-05-25 02:53:35'),
(1006, 2, 4, '操场训练专用，质量扎实，值得入手', 'approved', '2026-05-25 05:22:26'),
(1006, 5, 3, '课堂上用很方便，老师也推荐这个牌子', 'approved', '2026-05-25 03:52:51'),
(1007, 13, 5, '自习室必备，用了一学期还很好，推荐购买', 'approved', '2026-05-25 09:56:47'),
(1007, 11, 3, '图书馆学习必备，效果很好，五星好评', 'approved', '2026-05-24 21:41:55'),
(1007, 15, 4, '质量不错，性价比很高，宿舍室友都说好用', 'approved', '2026-05-25 14:52:50'),
(1008, 3, 5, '质量不错，性价比很高，宿舍室友都说好用', 'approved', '2026-05-25 11:33:42'),
(1008, 11, 5, '课堂上用很方便，老师也推荐这个牌子', 'approved', '2026-05-25 11:13:28'),
(1008, 17, 5, '操场训练专用，质量扎实，值得入手', 'approved', '2026-05-24 17:13:07'),
(1008, 17, 5, '自习室必备，用了一学期还很好，推荐购买', 'approved', '2026-05-24 22:22:16'),
(1009, 14, 5, '图书馆学习必备，效果很好，五星好评', 'approved', '2026-05-24 23:44:27'),
(1009, 11, 4, '质量不错，性价比很高，宿舍室友都说好用', 'approved', '2026-05-25 02:14:18'),
(1009, 2, 5, '操场训练专用，质量扎实，值得入手', 'approved', '2026-05-24 22:46:14'),
(1009, 11, 3, '自习室必备，用了一学期还很好，推荐购买', 'approved', '2026-05-25 06:43:20'),
(1010, 13, 3, '课堂上用很方便，老师也推荐这个牌子', 'approved', '2026-05-24 22:14:01'),
(1010, 11, 5, '操场训练专用，质量扎实，值得入手', 'approved', '2026-05-25 08:04:07'),
(1010, 4, 3, '质量不错，性价比很高，宿舍室友都说好用', 'approved', '2026-05-25 01:05:55'),
(1010, 18, 3, '质量不错，性价比很高，宿舍室友都说好用', 'approved', '2026-05-25 10:24:29'),
(1010, 16, 5, '图书馆学习必备，效果很好，五星好评', 'approved', '2026-05-24 21:56:56'),
(1011, 5, 4, '课堂上用很方便，老师也推荐这个牌子', 'approved', '2026-05-25 13:34:15'),
(1011, 11, 4, '质量不错，性价比很高，宿舍室友都说好用', 'approved', '2026-05-25 03:52:54'),
(1011, 12, 3, '自习室必备，用了一学期还很好，推荐购买', 'approved', '2026-05-24 16:30:04'),
(1011, 6, 4, '操场训练专用，质量扎实，值得入手', 'approved', '2026-05-25 08:21:14'),
(1011, 16, 4, '自习室必备，用了一学期还很好，推荐购买', 'approved', '2026-05-25 01:21:59'),
(1012, 20, 3, '质量不错，性价比很高，宿舍室友都说好用', 'approved', '2026-05-25 05:59:31'),
(1012, 9, 3, '操场训练专用，质量扎实，值得入手', 'approved', '2026-05-25 09:02:28'),
(1012, 20, 5, '课堂上用很方便，老师也推荐这个牌子', 'approved', '2026-05-24 19:15:53'),
(1012, 5, 4, '质量不错，性价比很高，宿舍室友都说好用', 'approved', '2026-05-25 11:16:43'),
(1013, 17, 4, '图书馆学习必备，效果很好，五星好评', 'approved', '2026-05-25 15:05:28'),
(1013, 7, 3, '宿舍囤货神器，价格实惠，会回购', 'approved', '2026-05-25 02:25:24'),
(1013, 13, 5, '自习室必备，用了一学期还很好，推荐购买', 'approved', '2026-05-25 06:11:41'),
(1013, 8, 4, '自习室必备，用了一学期还很好，推荐购买', 'approved', '2026-05-25 07:16:56'),
(1013, 19, 3, '质量不错，性价比很高，宿舍室友都说好用', 'approved', '2026-05-25 01:27:23'),
(1014, 11, 3, '操场训练专用，质量扎实，值得入手', 'approved', '2026-05-25 04:58:47'),
(1014, 16, 5, '操场训练专用，质量扎实，值得入手', 'approved', '2026-05-25 06:40:05'),
(1014, 4, 5, '自习室必备，用了一学期还很好，推荐购买', 'approved', '2026-05-24 19:21:15'),
(1014, 12, 5, '图书馆学习必备，效果很好，五星好评', 'approved', '2026-05-25 07:28:30'),
(1015, 11, 5, '考试周救命神器，帮了大忙，感谢店家', 'approved', '2026-05-24 17:28:31'),
(1015, 14, 5, '质量不错，性价比很高，宿舍室友都说好用', 'approved', '2026-05-25 07:12:42'),
(1015, 13, 4, '图书馆学习必备，效果很好，五星好评', 'approved', '2026-05-24 23:38:01'),
(1016, 7, 4, '宿舍囤货神器，价格实惠，会回购', 'approved', '2026-05-25 05:01:50'),
(1016, 17, 4, '操场训练专用，质量扎实，值得入手', 'approved', '2026-05-25 15:16:00'),
(1016, 5, 3, '质量不错，性价比很高，宿舍室友都说好用', 'approved', '2026-05-24 21:55:16'),
(1016, 1, 4, '操场训练专用，质量扎实，值得入手', 'approved', '2026-05-25 07:27:24'),
(1017, 19, 5, '自习室必备，用了一学期还很好，推荐购买', 'approved', '2026-05-25 02:36:14'),
(1017, 1, 5, '考试周救命神器，帮了大忙，感谢店家', 'approved', '2026-05-25 02:22:18'),
(1017, 2, 4, '体育课指定装备，大家都在用，质量放心', 'approved', '2026-05-25 06:24:31'),
(1017, 6, 5, '自习室必备，用了一学期还很好，推荐购买', 'approved', '2026-05-25 11:11:43'),
(1017, 17, 4, '考试周救命神器，帮了大忙，感谢店家', 'approved', '2026-05-25 05:09:53'),
(1018, 8, 3, '考试周救命神器，帮了大忙，感谢店家', 'approved', '2026-05-25 12:33:32'),
(1018, 4, 5, '图书馆学习必备，效果很好，五星好评', 'approved', '2026-05-25 07:53:41'),
(1018, 20, 4, '自习室必备，用了一学期还很好，推荐购买', 'approved', '2026-05-24 20:49:37'),
(1019, 20, 3, '体育课指定装备，大家都在用，质量放心', 'approved', '2026-05-25 08:29:56'),
(1019, 2, 4, '图书馆学习必备，效果很好，五星好评', 'approved', '2026-05-25 13:10:04'),
(1019, 3, 3, '质量不错，性价比很高，宿舍室友都说好用', 'approved', '2026-05-25 09:34:18'),
(1019, 4, 5, '宿舍囤货神器，价格实惠，会回购', 'approved', '2026-05-24 21:35:21'),
(1020, 19, 3, '自习室必备，用了一学期还很好，推荐购买', 'approved', '2026-05-24 21:45:38'),
(1020, 5, 3, '宿舍囤货神器，价格实惠，会回购', 'approved', '2026-05-24 20:48:21'),
(1020, 4, 3, '课堂上用很方便，老师也推荐这个牌子', 'approved', '2026-05-25 07:35:37'),
(1021, 7, 5, '操场训练专用，质量扎实，值得入手', 'approved', '2026-05-25 15:10:51'),
(1021, 7, 4, '图书馆学习必备，效果很好，五星好评', 'approved', '2026-05-25 11:22:31'),
(1021, 11, 5, '自习室必备，用了一学期还很好，推荐购买', 'approved', '2026-05-24 19:18:24'),
(1021, 4, 3, '宿舍囤货神器，价格实惠，会回购', 'approved', '2026-05-25 05:34:50'),
(1022, 4, 4, '体育课指定装备，大家都在用，质量放心', 'approved', '2026-05-25 04:06:01'),
(1022, 9, 5, '图书馆学习必备，效果很好，五星好评', 'approved', '2026-05-25 12:03:21'),
(1022, 14, 3, '考试周救命神器，帮了大忙，感谢店家', 'approved', '2026-05-24 22:46:53'),
(1023, 19, 4, '课堂上用很方便，老师也推荐这个牌子', 'approved', '2026-05-24 20:02:08'),
(1023, 6, 3, '自习室必备，用了一学期还很好，推荐购买', 'approved', '2026-05-24 23:35:20'),
(1023, 4, 4, '体育课指定装备，大家都在用，质量放心', 'approved', '2026-05-24 22:45:04'),
(1023, 19, 3, '质量不错，性价比很高，宿舍室友都说好用', 'approved', '2026-05-25 08:56:28'),
(1024, 7, 4, '自习室必备，用了一学期还很好，推荐购买', 'approved', '2026-05-25 02:59:31'),
(1024, 15, 5, '体育课指定装备，大家都在用，质量放心', 'approved', '2026-05-25 00:10:05'),
(1024, 3, 5, '考试周救命神器，帮了大忙，感谢店家', 'approved', '2026-05-25 05:54:41'),
(1025, 1, 3, '课堂上用很方便，老师也推荐这个牌子', 'approved', '2026-05-24 21:21:54'),
(1025, 8, 4, '宿舍囤货神器，价格实惠，会回购', 'approved', '2026-05-24 16:07:33'),
(1025, 16, 4, '体育课指定装备，大家都在用，质量放心', 'approved', '2026-05-25 15:44:33'),
(1025, 2, 4, '操场训练专用，质量扎实，值得入手', 'approved', '2026-05-25 07:44:45'),
(1026, 18, 4, '考试周救命神器，帮了大忙，感谢店家', 'approved', '2026-05-25 09:19:51'),
(1026, 5, 4, '质量不错，性价比很高，宿舍室友都说好用', 'approved', '2026-05-25 13:52:21'),
(1026, 8, 4, '考试周救命神器，帮了大忙，感谢店家', 'approved', '2026-05-25 12:52:47'),
(1027, 8, 4, '宿舍囤货神器，价格实惠，会回购', 'approved', '2026-05-25 12:19:20'),
(1027, 15, 3, '课堂上用很方便，老师也推荐这个牌子', 'approved', '2026-05-25 14:00:46'),
(1027, 12, 3, '体育课指定装备，大家都在用，质量放心', 'approved', '2026-05-24 16:51:08'),
(1027, 12, 3, '质量不错，性价比很高，宿舍室友都说好用', 'approved', '2026-05-25 01:36:27'),
(1028, 5, 3, '宿舍囤货神器，价格实惠，会回购', 'approved', '2026-05-24 22:36:06'),
(1028, 6, 3, '操场训练专用，质量扎实，值得入手', 'approved', '2026-05-25 01:22:44'),
(1028, 16, 5, '质量不错，性价比很高，宿舍室友都说好用', 'approved', '2026-05-25 02:10:37'),
(1028, 1, 5, '质量不错，性价比很高，宿舍室友都说好用', 'approved', '2026-05-25 10:06:34'),
(1028, 3, 5, '图书馆学习必备，效果很好，五星好评', 'approved', '2026-05-24 20:28:59'),
(1029, 1, 5, '宿舍囤货神器，价格实惠，会回购', 'approved', '2026-05-24 19:56:42'),
(1029, 5, 4, '宿舍囤货神器，价格实惠，会回购', 'approved', '2026-05-24 17:22:43'),
(1029, 8, 5, '质量不错，性价比很高，宿舍室友都说好用', 'approved', '2026-05-25 11:39:23'),
(1030, 8, 4, '自习室必备，用了一学期还很好，推荐购买', 'approved', '2026-05-24 19:09:27'),
(1030, 17, 4, '宿舍囤货神器，价格实惠，会回购', 'approved', '2026-05-25 12:08:25'),
(1030, 16, 5, '体育课指定装备，大家都在用，质量放心', 'approved', '2026-05-25 07:58:43'),
(1030, 20, 3, '考试周救命神器，帮了大忙，感谢店家', 'approved', '2026-05-24 23:05:53'),
(1031, 4, 4, '课堂上用很方便，老师也推荐这个牌子', 'approved', '2026-05-25 05:25:39'),
(1031, 11, 5, '自习室必备，用了一学期还很好，推荐购买', 'approved', '2026-05-25 08:27:09'),
(1031, 19, 5, '操场训练专用，质量扎实，值得入手', 'approved', '2026-05-25 08:35:09'),
(1032, 9, 4, '图书馆学习必备，效果很好，五星好评', 'approved', '2026-05-24 16:04:32'),
(1032, 20, 4, '课堂上用很方便，老师也推荐这个牌子', 'approved', '2026-05-24 22:54:06'),
(1032, 3, 4, '质量不错，性价比很高，宿舍室友都说好用', 'approved', '2026-05-25 13:16:46'),
(1033, 2, 5, '考试周救命神器，帮了大忙，感谢店家', 'approved', '2026-05-25 09:29:31'),
(1033, 13, 5, '自习室必备，用了一学期还很好，推荐购买', 'approved', '2026-05-24 17:38:29'),
(1033, 5, 5, '质量不错，性价比很高，宿舍室友都说好用', 'approved', '2026-05-25 13:09:57'),
(1033, 8, 4, '体育课指定装备，大家都在用，质量放心', 'approved', '2026-05-25 01:24:20'),
(1033, 7, 5, '课堂上用很方便，老师也推荐这个牌子', 'approved', '2026-05-25 11:15:11'),
(1034, 8, 3, '操场训练专用，质量扎实，值得入手', 'approved', '2026-05-24 19:21:13'),
(1034, 16, 5, '操场训练专用，质量扎实，值得入手', 'approved', '2026-05-25 03:05:56'),
(1034, 17, 4, '体育课指定装备，大家都在用，质量放心', 'approved', '2026-05-24 18:21:37'),
(1035, 8, 3, '课堂上用很方便，老师也推荐这个牌子', 'approved', '2026-05-25 02:32:24'),
(1035, 19, 5, '课堂上用很方便，老师也推荐这个牌子', 'approved', '2026-05-25 04:46:23'),
(1035, 11, 4, '质量不错，性价比很高，宿舍室友都说好用', 'approved', '2026-05-25 14:18:18'),
(1036, 7, 4, '课堂上用很方便，老师也推荐这个牌子', 'approved', '2026-05-25 10:09:21'),
(1036, 2, 3, '宿舍囤货神器，价格实惠，会回购', 'approved', '2026-05-25 10:48:34'),
(1036, 7, 5, '自习室必备，用了一学期还很好，推荐购买', 'approved', '2026-05-25 01:45:29'),
(1036, 10, 3, '自习室必备，用了一学期还很好，推荐购买', 'approved', '2026-05-25 02:33:51'),
(1037, 12, 5, '质量不错，性价比很高，宿舍室友都说好用', 'approved', '2026-05-25 00:53:27'),
(1037, 19, 3, '体育课指定装备，大家都在用，质量放心', 'approved', '2026-05-25 07:59:12'),
(1037, 6, 3, '宿舍囤货神器，价格实惠，会回购', 'approved', '2026-05-25 15:14:50'),
(1037, 11, 5, '课堂上用很方便，老师也推荐这个牌子', 'approved', '2026-05-25 14:01:38'),
(1038, 3, 3, '图书馆学习必备，效果很好，五星好评', 'approved', '2026-05-24 20:29:35'),
(1038, 8, 3, '质量不错，性价比很高，宿舍室友都说好用', 'approved', '2026-05-25 10:11:16'),
(1038, 15, 5, '操场训练专用，质量扎实，值得入手', 'approved', '2026-05-24 23:42:01'),
(1038, 7, 5, '质量不错，性价比很高，宿舍室友都说好用', 'approved', '2026-05-25 13:18:00'),
(1038, 13, 5, '课堂上用很方便，老师也推荐这个牌子', 'approved', '2026-05-25 08:35:58'),
(1039, 16, 3, '考试周救命神器，帮了大忙，感谢店家', 'approved', '2026-05-25 11:40:18'),
(1039, 17, 3, '操场训练专用，质量扎实，值得入手', 'approved', '2026-05-25 12:38:36'),
(1039, 16, 5, '质量不错，性价比很高，宿舍室友都说好用', 'approved', '2026-05-25 00:46:59'),
(1039, 2, 3, '宿舍囤货神器，价格实惠，会回购', 'approved', '2026-05-25 02:40:26'),
(1039, 6, 5, '课堂上用很方便，老师也推荐这个牌子', 'approved', '2026-05-25 15:31:33'),
(1040, 4, 4, '自习室必备，用了一学期还很好，推荐购买', 'approved', '2026-05-25 12:14:36'),
(1040, 10, 3, '体育课指定装备，大家都在用，质量放心', 'approved', '2026-05-24 23:35:51'),
(1040, 20, 3, '课堂上用很方便，老师也推荐这个牌子', 'approved', '2026-05-25 08:08:26'),
(1040, 12, 3, '图书馆学习必备，效果很好，五星好评', 'approved', '2026-05-25 15:18:39'),
(1040, 3, 5, '宿舍囤货神器，价格实惠，会回购', 'approved', '2026-05-24 19:30:28'),
(1041, 12, 5, '操场训练专用，质量扎实，值得入手', 'approved', '2026-05-25 12:50:04'),
(1041, 7, 3, '质量不错，性价比很高，宿舍室友都说好用', 'approved', '2026-05-25 09:01:40'),
(1041, 1, 3, '图书馆学习必备，效果很好，五星好评', 'approved', '2026-05-25 02:31:56'),
(1041, 11, 4, '图书馆学习必备，效果很好，五星好评', 'approved', '2026-05-25 10:09:33'),
(1041, 19, 4, '质量不错，性价比很高，宿舍室友都说好用', 'approved', '2026-05-25 14:51:32'),
(1042, 12, 5, '图书馆学习必备，效果很好，五星好评', 'approved', '2026-05-25 04:19:42'),
(1042, 13, 4, '操场训练专用，质量扎实，值得入手', 'approved', '2026-05-25 05:15:50'),
(1042, 3, 3, '自习室必备，用了一学期还很好，推荐购买', 'approved', '2026-05-24 21:32:32'),
(1042, 2, 3, '体育课指定装备，大家都在用，质量放心', 'approved', '2026-05-24 23:06:22'),
(1043, 10, 5, '自习室必备，用了一学期还很好，推荐购买', 'approved', '2026-05-24 16:00:50'),
(1043, 19, 4, '质量不错，性价比很高，宿舍室友都说好用', 'approved', '2026-05-25 00:49:54'),
(1043, 12, 3, '宿舍囤货神器，价格实惠，会回购', 'approved', '2026-05-25 09:47:39'),
(1044, 17, 4, '宿舍囤货神器，价格实惠，会回购', 'approved', '2026-05-25 14:13:09'),
(1044, 6, 3, '考试周救命神器，帮了大忙，感谢店家', 'approved', '2026-05-24 19:37:22'),
(1044, 13, 5, '图书馆学习必备，效果很好，五星好评', 'approved', '2026-05-25 09:02:48'),
(1045, 15, 5, '自习室必备，用了一学期还很好，推荐购买', 'approved', '2026-05-25 15:17:13'),
(1045, 7, 3, '自习室必备，用了一学期还很好，推荐购买', 'approved', '2026-05-24 21:24:49'),
(1045, 10, 4, '操场训练专用，质量扎实，值得入手', 'approved', '2026-05-25 05:21:19'),
(1045, 9, 4, '图书馆学习必备，效果很好，五星好评', 'approved', '2026-05-24 21:55:26'),
(1046, 4, 4, '考试周救命神器，帮了大忙，感谢店家', 'approved', '2026-05-24 21:59:19'),
(1046, 11, 5, '操场训练专用，质量扎实，值得入手', 'approved', '2026-05-24 23:29:41'),
(1046, 1, 5, '图书馆学习必备，效果很好，五星好评', 'approved', '2026-05-25 01:09:08'),
(1047, 16, 5, '自习室必备，用了一学期还很好，推荐购买', 'approved', '2026-05-25 14:50:16'),
(1047, 2, 4, '宿舍囤货神器，价格实惠，会回购', 'approved', '2026-05-25 13:07:18'),
(1047, 15, 5, '图书馆学习必备，效果很好，五星好评', 'approved', '2026-05-25 07:47:15'),
(1048, 7, 5, '课堂上用很方便，老师也推荐这个牌子', 'approved', '2026-05-24 18:37:43'),
(1048, 11, 4, '自习室必备，用了一学期还很好，推荐购买', 'approved', '2026-05-25 06:35:06'),
(1048, 19, 3, '图书馆学习必备，效果很好，五星好评', 'approved', '2026-05-24 18:51:32'),
(1048, 4, 3, '操场训练专用，质量扎实，值得入手', 'approved', '2026-05-25 05:42:06'),
(1049, 1, 4, '考试周救命神器，帮了大忙，感谢店家', 'approved', '2026-05-25 02:53:12'),
(1049, 16, 3, '考试周救命神器，帮了大忙，感谢店家', 'approved', '2026-05-25 13:12:16'),
(1049, 5, 3, '宿舍囤货神器，价格实惠，会回购', 'approved', '2026-05-25 02:53:09'),
(1050, 6, 5, '课堂上用很方便，老师也推荐这个牌子', 'approved', '2026-05-25 10:21:34'),
(1050, 18, 5, '图书馆学习必备，效果很好，五星好评', 'approved', '2026-05-25 06:12:42'),
(1050, 20, 5, '体育课指定装备，大家都在用，质量放心', 'approved', '2026-05-24 18:04:34'),
(1051, 5, 3, '宿舍囤货神器，价格实惠，会回购', 'approved', '2026-05-25 10:28:44'),
(1051, 20, 5, '宿舍囤货神器，价格实惠，会回购', 'approved', '2026-05-24 20:32:37'),
(1051, 14, 3, '宿舍囤货神器，价格实惠，会回购', 'approved', '2026-05-25 13:05:34'),
(1051, 3, 4, '宿舍囤货神器，价格实惠，会回购', 'approved', '2026-05-25 10:56:45'),
(1052, 13, 4, '质量不错，性价比很高，宿舍室友都说好用', 'approved', '2026-05-25 12:15:46'),
(1052, 3, 5, '考试周救命神器，帮了大忙，感谢店家', 'approved', '2026-05-25 00:52:28'),
(1052, 14, 3, '考试周救命神器，帮了大忙，感谢店家', 'approved', '2026-05-24 16:00:00'),
(1052, 5, 4, '宿舍囤货神器，价格实惠，会回购', 'approved', '2026-05-25 13:06:17'),
(1053, 18, 5, '考试周救命神器，帮了大忙，感谢店家', 'approved', '2026-05-25 01:55:54'),
(1053, 18, 4, '图书馆学习必备，效果很好，五星好评', 'approved', '2026-05-25 03:03:21'),
(1053, 5, 4, '质量不错，性价比很高，宿舍室友都说好用', 'approved', '2026-05-24 18:28:18'),
(1053, 18, 4, '宿舍囤货神器，价格实惠，会回购', 'approved', '2026-05-25 13:30:32'),
(1053, 6, 3, '考试周救命神器，帮了大忙，感谢店家', 'approved', '2026-05-25 02:19:21'),
(1054, 4, 5, '质量不错，性价比很高，宿舍室友都说好用', 'approved', '2026-05-24 17:12:00'),
(1054, 7, 5, '质量不错，性价比很高，宿舍室友都说好用', 'approved', '2026-05-24 20:17:11'),
(1054, 8, 3, '体育课指定装备，大家都在用，质量放心', 'approved', '2026-05-25 03:22:03'),
(1054, 7, 5, '图书馆学习必备，效果很好，五星好评', 'approved', '2026-05-25 15:28:11'),
(1055, 20, 5, '课堂上用很方便，老师也推荐这个牌子', 'approved', '2026-05-25 07:43:45'),
(1055, 14, 5, '考试周救命神器，帮了大忙，感谢店家', 'approved', '2026-05-24 16:48:00'),
(1055, 20, 5, '质量不错，性价比很高，宿舍室友都说好用', 'approved', '2026-05-25 15:23:06'),
(1056, 5, 5, '自习室必备，用了一学期还很好，推荐购买', 'approved', '2026-05-25 14:04:54'),
(1056, 17, 3, '操场训练专用，质量扎实，值得入手', 'approved', '2026-05-24 21:07:18'),
(1056, 4, 3, '体育课指定装备，大家都在用，质量放心', 'approved', '2026-05-25 00:37:18'),
(1057, 3, 5, '图书馆学习必备，效果很好，五星好评', 'approved', '2026-05-25 02:07:21'),
(1057, 20, 3, '质量不错，性价比很高，宿舍室友都说好用', 'approved', '2026-05-25 06:08:41'),
(1057, 8, 3, '质量不错，性价比很高，宿舍室友都说好用', 'approved', '2026-05-24 21:53:09'),
(1058, 12, 5, '考试周救命神器，帮了大忙，感谢店家', 'approved', '2026-05-25 09:46:04'),
(1058, 7, 4, '操场训练专用，质量扎实，值得入手', 'approved', '2026-05-25 01:24:48'),
(1058, 13, 4, '课堂上用很方便，老师也推荐这个牌子', 'approved', '2026-05-24 19:39:38'),
(1058, 3, 5, '自习室必备，用了一学期还很好，推荐购买', 'approved', '2026-05-24 20:50:04'),
(1058, 18, 5, '操场训练专用，质量扎实，值得入手', 'approved', '2026-05-25 13:56:25'),
(1059, 13, 4, '质量不错，性价比很高，宿舍室友都说好用', 'approved', '2026-05-24 21:45:39'),
(1059, 11, 4, '操场训练专用，质量扎实，值得入手', 'approved', '2026-05-25 06:35:09'),
(1059, 7, 3, '课堂上用很方便，老师也推荐这个牌子', 'approved', '2026-05-24 16:09:21'),
(1060, 18, 5, '自习室必备，用了一学期还很好，推荐购买', 'approved', '2026-05-25 00:10:32'),
(1060, 6, 5, '课堂上用很方便，老师也推荐这个牌子', 'approved', '2026-05-24 17:24:15'),
(1060, 15, 3, '宿舍囤货神器，价格实惠，会回购', 'approved', '2026-05-24 22:47:47'),
(1060, 9, 4, '图书馆学习必备，效果很好，五星好评', 'approved', '2026-05-25 00:50:25'),
(1061, 13, 3, '图书馆学习必备，效果很好，五星好评', 'approved', '2026-05-25 15:45:25'),
(1061, 14, 3, '自习室必备，用了一学期还很好，推荐购买', 'approved', '2026-05-25 08:43:41'),
(1061, 19, 5, '自习室必备，用了一学期还很好，推荐购买', 'approved', '2026-05-25 13:20:26'),
(1061, 12, 4, '质量不错，性价比很高，宿舍室友都说好用', 'approved', '2026-05-25 13:17:27'),
(1061, 1, 3, '操场训练专用，质量扎实，值得入手', 'approved', '2026-05-25 03:44:49'),
(1062, 3, 4, '图书馆学习必备，效果很好，五星好评', 'approved', '2026-05-25 06:14:21'),
(1062, 17, 4, '质量不错，性价比很高，宿舍室友都说好用', 'approved', '2026-05-25 13:48:17'),
(1062, 15, 3, '操场训练专用，质量扎实，值得入手', 'approved', '2026-05-25 10:35:23'),
(1063, 20, 5, '课堂上用很方便，老师也推荐这个牌子', 'approved', '2026-05-24 20:28:03'),
(1063, 17, 5, '质量不错，性价比很高，宿舍室友都说好用', 'approved', '2026-05-24 16:49:07'),
(1063, 4, 4, '考试周救命神器，帮了大忙，感谢店家', 'approved', '2026-05-25 12:28:24'),
(1063, 20, 4, '图书馆学习必备，效果很好，五星好评', 'approved', '2026-05-25 04:30:01'),
(1064, 10, 3, '体育课指定装备，大家都在用，质量放心', 'approved', '2026-05-25 05:49:11'),
(1064, 9, 5, '课堂上用很方便，老师也推荐这个牌子', 'approved', '2026-05-25 00:19:42'),
(1064, 6, 5, '宿舍囤货神器，价格实惠，会回购', 'approved', '2026-05-24 18:25:48'),
(1064, 19, 5, '图书馆学习必备，效果很好，五星好评', 'approved', '2026-05-25 12:18:29'),
(1064, 19, 5, '操场训练专用，质量扎实，值得入手', 'approved', '2026-05-25 09:00:27'),
(1065, 9, 3, '考试周救命神器，帮了大忙，感谢店家', 'approved', '2026-05-25 14:55:05'),
(1065, 17, 4, '课堂上用很方便，老师也推荐这个牌子', 'approved', '2026-05-25 11:57:49'),
(1065, 14, 3, '图书馆学习必备，效果很好，五星好评', 'approved', '2026-05-24 19:54:08'),
(1065, 9, 3, '宿舍囤货神器，价格实惠，会回购', 'approved', '2026-05-25 05:58:41'),
(1065, 17, 4, '操场训练专用，质量扎实，值得入手', 'approved', '2026-05-24 20:05:43'),
(1066, 14, 3, '课堂上用很方便，老师也推荐这个牌子', 'approved', '2026-05-25 00:04:45'),
(1066, 16, 3, '自习室必备，用了一学期还很好，推荐购买', 'approved', '2026-05-24 19:31:19'),
(1066, 7, 3, '自习室必备，用了一学期还很好，推荐购买', 'approved', '2026-05-24 16:54:02'),
(1067, 2, 5, '图书馆学习必备，效果很好，五星好评', 'approved', '2026-05-24 19:25:58'),
(1067, 10, 4, '课堂上用很方便，老师也推荐这个牌子', 'approved', '2026-05-24 22:08:28'),
(1067, 17, 4, '图书馆学习必备，效果很好，五星好评', 'approved', '2026-05-24 16:24:11'),
(1067, 5, 5, '操场训练专用，质量扎实，值得入手', 'approved', '2026-05-24 21:50:45'),
(1068, 17, 5, '质量不错，性价比很高，宿舍室友都说好用', 'approved', '2026-05-24 18:55:23'),
(1068, 11, 4, '考试周救命神器，帮了大忙，感谢店家', 'approved', '2026-05-25 02:45:12'),
(1068, 19, 4, '图书馆学习必备，效果很好，五星好评', 'approved', '2026-05-24 18:14:30'),
(1068, 13, 4, '考试周救命神器，帮了大忙，感谢店家', 'approved', '2026-05-25 03:24:11'),
(1069, 5, 5, '课堂上用很方便，老师也推荐这个牌子', 'approved', '2026-05-25 13:09:31'),
(1069, 1, 4, '体育课指定装备，大家都在用，质量放心', 'approved', '2026-05-24 16:01:15'),
(1069, 15, 4, '体育课指定装备，大家都在用，质量放心', 'approved', '2026-05-25 03:17:26'),
(1069, 18, 5, '考试周救命神器，帮了大忙，感谢店家', 'approved', '2026-05-25 03:12:25'),
(1069, 14, 5, '课堂上用很方便，老师也推荐这个牌子', 'approved', '2026-05-25 12:47:41'),
(1070, 11, 4, '课堂上用很方便，老师也推荐这个牌子', 'approved', '2026-05-25 12:30:28'),
(1070, 17, 3, '考试周救命神器，帮了大忙，感谢店家', 'approved', '2026-05-24 19:38:29'),
(1070, 15, 5, '体育课指定装备，大家都在用，质量放心', 'approved', '2026-05-25 11:42:56'),
(1070, 9, 4, '体育课指定装备，大家都在用，质量放心', 'approved', '2026-05-25 02:04:55'),
(1071, 16, 5, '图书馆学习必备，效果很好，五星好评', 'approved', '2026-05-24 17:04:26'),
(1071, 13, 5, '体育课指定装备，大家都在用，质量放心', 'approved', '2026-05-24 21:13:21'),
(1071, 10, 4, '体育课指定装备，大家都在用，质量放心', 'approved', '2026-05-25 12:29:09'),
(1071, 3, 3, '体育课指定装备，大家都在用，质量放心', 'approved', '2026-05-24 20:03:20'),
(1071, 1, 3, '课堂上用很方便，老师也推荐这个牌子', 'approved', '2026-05-25 05:01:43'),
(1072, 14, 4, '质量不错，性价比很高，宿舍室友都说好用', 'approved', '2026-05-24 19:30:58'),
(1072, 6, 5, '考试周救命神器，帮了大忙，感谢店家', 'approved', '2026-05-24 18:20:56'),
(1072, 16, 5, '宿舍囤货神器，价格实惠，会回购', 'approved', '2026-05-25 11:18:50'),
(1072, 9, 5, '考试周救命神器，帮了大忙，感谢店家', 'approved', '2026-05-25 15:57:10'),
(1073, 8, 4, '质量不错，性价比很高，宿舍室友都说好用', 'approved', '2026-05-25 10:08:08'),
(1073, 12, 3, '考试周救命神器，帮了大忙，感谢店家', 'approved', '2026-05-24 21:08:03'),
(1073, 18, 3, '体育课指定装备，大家都在用，质量放心', 'approved', '2026-05-24 16:52:20'),
(1073, 6, 5, '宿舍囤货神器，价格实惠，会回购', 'approved', '2026-05-24 18:15:29'),
(1073, 12, 4, '课堂上用很方便，老师也推荐这个牌子', 'approved', '2026-05-25 14:55:02'),
(1074, 13, 5, '操场训练专用，质量扎实，值得入手', 'approved', '2026-05-24 19:26:57'),
(1074, 16, 5, '宿舍囤货神器，价格实惠，会回购', 'approved', '2026-05-24 19:33:29'),
(1074, 8, 4, '宿舍囤货神器，价格实惠，会回购', 'approved', '2026-05-25 10:57:09'),
(1074, 15, 5, '图书馆学习必备，效果很好，五星好评', 'approved', '2026-05-24 17:25:26'),
(1075, 6, 3, '自习室必备，用了一学期还很好，推荐购买', 'approved', '2026-05-25 00:28:50'),
(1075, 17, 3, '图书馆学习必备，效果很好，五星好评', 'approved', '2026-05-25 03:05:58'),
(1075, 16, 4, '质量不错，性价比很高，宿舍室友都说好用', 'approved', '2026-05-24 22:32:54'),
(1075, 15, 3, '图书馆学习必备，效果很好，五星好评', 'approved', '2026-05-24 18:50:45'),
(1076, 18, 4, '图书馆学习必备，效果很好，五星好评', 'approved', '2026-05-25 00:10:44'),
(1076, 17, 5, '考试周救命神器，帮了大忙，感谢店家', 'approved', '2026-05-25 04:14:29'),
(1076, 16, 4, '质量不错，性价比很高，宿舍室友都说好用', 'approved', '2026-05-24 23:39:08'),
(1076, 20, 5, '宿舍囤货神器，价格实惠，会回购', 'approved', '2026-05-25 04:39:12'),
(1077, 19, 4, '质量不错，性价比很高，宿舍室友都说好用', 'approved', '2026-05-25 10:25:49'),
(1077, 1, 4, '考试周救命神器，帮了大忙，感谢店家', 'approved', '2026-05-25 09:54:28'),
(1077, 9, 3, '自习室必备，用了一学期还很好，推荐购买', 'approved', '2026-05-25 01:22:23'),
(1077, 15, 4, '考试周救命神器，帮了大忙，感谢店家', 'approved', '2026-05-25 09:09:33'),
(1078, 4, 4, '质量不错，性价比很高，宿舍室友都说好用', 'approved', '2026-05-25 02:33:23'),
(1078, 2, 4, '图书馆学习必备，效果很好，五星好评', 'approved', '2026-05-25 12:33:24'),
(1078, 8, 5, '体育课指定装备，大家都在用，质量放心', 'approved', '2026-05-25 13:25:37'),
(1078, 6, 5, '考试周救命神器，帮了大忙，感谢店家', 'approved', '2026-05-25 03:22:32'),
(1079, 14, 4, '考试周救命神器，帮了大忙，感谢店家', 'approved', '2026-05-25 09:38:56'),
(1079, 20, 5, '操场训练专用，质量扎实，值得入手', 'approved', '2026-05-25 08:42:06'),
(1079, 4, 5, '自习室必备，用了一学期还很好，推荐购买', 'approved', '2026-05-25 15:24:52'),
(1079, 14, 4, '自习室必备，用了一学期还很好，推荐购买', 'approved', '2026-05-25 07:05:01'),
(1080, 12, 3, '宿舍囤货神器，价格实惠，会回购', 'approved', '2026-05-25 03:21:57'),
(1080, 2, 3, '自习室必备，用了一学期还很好，推荐购买', 'approved', '2026-05-24 23:54:01'),
(1080, 7, 4, '操场训练专用，质量扎实，值得入手', 'approved', '2026-05-24 23:25:40'),
(1081, 8, 3, '课堂上用很方便，老师也推荐这个牌子', 'approved', '2026-05-24 18:56:03'),
(1081, 15, 4, '图书馆学习必备，效果很好，五星好评', 'approved', '2026-05-25 10:21:21'),
(1081, 20, 3, '图书馆学习必备，效果很好，五星好评', 'approved', '2026-05-25 04:29:52'),
(1081, 19, 3, '自习室必备，用了一学期还很好，推荐购买', 'approved', '2026-05-25 00:19:24'),
(1081, 1, 3, '自习室必备，用了一学期还很好，推荐购买', 'approved', '2026-05-25 09:46:03'),
(1082, 14, 5, '体育课指定装备，大家都在用，质量放心', 'approved', '2026-05-24 23:09:49'),
(1082, 3, 5, '自习室必备，用了一学期还很好，推荐购买', 'approved', '2026-05-25 14:54:50'),
(1082, 1, 4, '课堂上用很方便，老师也推荐这个牌子', 'approved', '2026-05-25 09:41:10'),
(1082, 4, 3, '质量不错，性价比很高，宿舍室友都说好用', 'approved', '2026-05-25 06:16:15'),
(1083, 17, 4, '图书馆学习必备，效果很好，五星好评', 'approved', '2026-05-24 21:08:58'),
(1083, 7, 3, '宿舍囤货神器，价格实惠，会回购', 'approved', '2026-05-24 21:36:42'),
(1083, 10, 4, '考试周救命神器，帮了大忙，感谢店家', 'approved', '2026-05-25 02:59:07'),
(1083, 12, 3, '体育课指定装备，大家都在用，质量放心', 'approved', '2026-05-24 20:24:53'),
(1083, 6, 3, '自习室必备，用了一学期还很好，推荐购买', 'approved', '2026-05-25 11:24:13'),
(1084, 16, 4, '操场训练专用，质量扎实，值得入手', 'approved', '2026-05-25 15:49:30'),
(1084, 6, 4, '宿舍囤货神器，价格实惠，会回购', 'approved', '2026-05-25 02:44:16'),
(1084, 11, 3, '宿舍囤货神器，价格实惠，会回购', 'approved', '2026-05-25 15:18:04'),
(1085, 4, 3, '自习室必备，用了一学期还很好，推荐购买', 'approved', '2026-05-25 05:28:38'),
(1085, 10, 4, '课堂上用很方便，老师也推荐这个牌子', 'approved', '2026-05-24 22:52:54'),
(1085, 13, 3, '考试周救命神器，帮了大忙，感谢店家', 'approved', '2026-05-24 22:39:58'),
(1085, 16, 5, '自习室必备，用了一学期还很好，推荐购买', 'approved', '2026-05-25 04:32:55'),
(1086, 15, 5, '质量不错，性价比很高，宿舍室友都说好用', 'approved', '2026-05-24 22:37:35'),
(1086, 5, 4, '体育课指定装备，大家都在用，质量放心', 'approved', '2026-05-25 08:50:58'),
(1086, 20, 5, '课堂上用很方便，老师也推荐这个牌子', 'approved', '2026-05-25 09:15:36'),
(1086, 15, 5, '操场训练专用，质量扎实，值得入手', 'approved', '2026-05-25 07:30:53'),
(1086, 5, 4, '课堂上用很方便，老师也推荐这个牌子', 'approved', '2026-05-25 13:42:08'),
(1087, 15, 5, '操场训练专用，质量扎实，值得入手', 'approved', '2026-05-24 21:40:42'),
(1087, 3, 4, '质量不错，性价比很高，宿舍室友都说好用', 'approved', '2026-05-25 01:16:09'),
(1087, 4, 3, '考试周救命神器，帮了大忙，感谢店家', 'approved', '2026-05-24 18:19:29'),
(1087, 3, 3, '质量不错，性价比很高，宿舍室友都说好用', 'approved', '2026-05-24 16:29:20'),
(1087, 12, 4, '体育课指定装备，大家都在用，质量放心', 'approved', '2026-05-24 19:23:44'),
(1088, 3, 4, '图书馆学习必备，效果很好，五星好评', 'approved', '2026-05-25 12:32:22'),
(1088, 14, 5, '课堂上用很方便，老师也推荐这个牌子', 'approved', '2026-05-24 18:34:52'),
(1088, 8, 5, '图书馆学习必备，效果很好，五星好评', 'approved', '2026-05-24 21:16:47'),
(1088, 13, 5, '考试周救命神器，帮了大忙，感谢店家', 'approved', '2026-05-24 23:18:17'),
(1088, 11, 4, '操场训练专用，质量扎实，值得入手', 'approved', '2026-05-25 08:47:45'),
(1089, 10, 5, '体育课指定装备，大家都在用，质量放心', 'approved', '2026-05-25 07:23:45'),
(1089, 20, 3, '自习室必备，用了一学期还很好，推荐购买', 'approved', '2026-05-24 16:14:41'),
(1089, 2, 4, '图书馆学习必备，效果很好，五星好评', 'approved', '2026-05-25 15:04:38'),
(1090, 13, 4, '操场训练专用，质量扎实，值得入手', 'approved', '2026-05-25 09:13:42'),
(1090, 4, 5, '课堂上用很方便，老师也推荐这个牌子', 'approved', '2026-05-25 01:08:07'),
(1090, 11, 3, '宿舍囤货神器，价格实惠，会回购', 'approved', '2026-05-24 17:38:21'),
(1091, 14, 5, '操场训练专用，质量扎实，值得入手', 'approved', '2026-05-24 21:11:30'),
(1091, 16, 4, '图书馆学习必备，效果很好，五星好评', 'approved', '2026-05-25 06:03:28'),
(1091, 18, 5, '质量不错，性价比很高，宿舍室友都说好用', 'approved', '2026-05-25 13:41:51'),
(1091, 8, 3, '体育课指定装备，大家都在用，质量放心', 'approved', '2026-05-25 13:44:41'),
(1091, 9, 3, '质量不错，性价比很高，宿舍室友都说好用', 'approved', '2026-05-24 16:55:43'),
(1092, 1, 5, '操场训练专用，质量扎实，值得入手', 'approved', '2026-05-24 20:31:55'),
(1092, 6, 4, '图书馆学习必备，效果很好，五星好评', 'approved', '2026-05-25 00:23:40'),
(1092, 14, 5, '课堂上用很方便，老师也推荐这个牌子', 'approved', '2026-05-25 00:06:37'),
(1093, 2, 5, '考试周救命神器，帮了大忙，感谢店家', 'approved', '2026-05-25 09:23:12'),
(1093, 14, 3, '考试周救命神器，帮了大忙，感谢店家', 'approved', '2026-05-25 08:47:34'),
(1093, 4, 3, '宿舍囤货神器，价格实惠，会回购', 'approved', '2026-05-25 05:05:44'),
(1093, 18, 3, '宿舍囤货神器，价格实惠，会回购', 'approved', '2026-05-25 04:12:35'),
(1093, 6, 3, '考试周救命神器，帮了大忙，感谢店家', 'approved', '2026-05-25 06:41:19'),
(1094, 7, 4, '体育课指定装备，大家都在用，质量放心', 'approved', '2026-05-24 21:29:40'),
(1094, 17, 4, '质量不错，性价比很高，宿舍室友都说好用', 'approved', '2026-05-24 19:36:56'),
(1094, 2, 5, '体育课指定装备，大家都在用，质量放心', 'approved', '2026-05-24 16:11:41'),
(1095, 12, 4, '图书馆学习必备，效果很好，五星好评', 'approved', '2026-05-25 01:22:30'),
(1095, 10, 4, '课堂上用很方便，老师也推荐这个牌子', 'approved', '2026-05-24 20:54:52'),
(1095, 13, 5, '图书馆学习必备，效果很好，五星好评', 'approved', '2026-05-25 14:50:28'),
(1095, 18, 5, '宿舍囤货神器，价格实惠，会回购', 'approved', '2026-05-25 00:47:20'),
(1095, 12, 3, '考试周救命神器，帮了大忙，感谢店家', 'approved', '2026-05-24 22:10:54'),
(1096, 20, 3, '考试周救命神器，帮了大忙，感谢店家', 'approved', '2026-05-25 11:32:04'),
(1096, 4, 5, '考试周救命神器，帮了大忙，感谢店家', 'approved', '2026-05-25 00:28:43'),
(1096, 10, 5, '宿舍囤货神器，价格实惠，会回购', 'approved', '2026-05-25 04:58:05'),
(1096, 8, 5, '操场训练专用，质量扎实，值得入手', 'approved', '2026-05-25 15:45:31'),
(1096, 20, 3, '体育课指定装备，大家都在用，质量放心', 'approved', '2026-05-25 07:58:19'),
(1097, 7, 4, '质量不错，性价比很高，宿舍室友都说好用', 'approved', '2026-05-25 01:39:36'),
(1097, 8, 5, '宿舍囤货神器，价格实惠，会回购', 'approved', '2026-05-24 19:57:43'),
(1097, 17, 5, '操场训练专用，质量扎实，值得入手', 'approved', '2026-05-24 23:19:31'),
(1097, 14, 3, '考试周救命神器，帮了大忙，感谢店家', 'approved', '2026-05-25 11:49:14'),
(1097, 20, 5, '考试周救命神器，帮了大忙，感谢店家', 'approved', '2026-05-25 08:55:53'),
(1098, 12, 5, '质量不错，性价比很高，宿舍室友都说好用', 'approved', '2026-05-24 19:43:43'),
(1098, 19, 5, '质量不错，性价比很高，宿舍室友都说好用', 'approved', '2026-05-25 07:20:59'),
(1098, 12, 5, '体育课指定装备，大家都在用，质量放心', 'approved', '2026-05-25 02:31:30'),
(1098, 18, 5, '体育课指定装备，大家都在用，质量放心', 'approved', '2026-05-25 09:10:47'),
(1099, 8, 5, '体育课指定装备，大家都在用，质量放心', 'approved', '2026-05-25 12:59:01'),
(1099, 1, 5, '体育课指定装备，大家都在用，质量放心', 'approved', '2026-05-25 07:13:53'),
(1099, 20, 5, '课堂上用很方便，老师也推荐这个牌子', 'approved', '2026-05-25 13:20:17'),
(1099, 1, 4, '课堂上用很方便，老师也推荐这个牌子', 'approved', '2026-05-25 05:50:35'),
(1099, 8, 5, '操场训练专用，质量扎实，值得入手', 'approved', '2026-05-25 06:06:57'),
(1100, 2, 5, '图书馆学习必备，效果很好，五星好评', 'approved', '2026-05-25 02:10:18'),
(1100, 15, 5, '质量不错，性价比很高，宿舍室友都说好用', 'approved', '2026-05-25 11:20:08'),
(1100, 20, 5, '课堂上用很方便，老师也推荐这个牌子', 'approved', '2026-05-24 21:30:40'),
(1101, 2, 4, '宿舍囤货神器，价格实惠，会回购', 'approved', '2026-05-25 05:14:22'),
(1101, 8, 4, '考试周救命神器，帮了大忙，感谢店家', 'approved', '2026-05-25 05:55:24'),
(1101, 16, 3, '操场训练专用，质量扎实，值得入手', 'approved', '2026-05-25 15:16:48'),
(1101, 2, 5, '课堂上用很方便，老师也推荐这个牌子', 'approved', '2026-05-24 23:45:06'),
(1102, 16, 5, '图书馆学习必备，效果很好，五星好评', 'approved', '2026-05-25 01:57:32'),
(1102, 2, 3, '自习室必备，用了一学期还很好，推荐购买', 'approved', '2026-05-25 09:04:32'),
(1102, 17, 3, '质量不错，性价比很高，宿舍室友都说好用', 'approved', '2026-05-25 05:54:18'),
(1102, 20, 5, '宿舍囤货神器，价格实惠，会回购', 'approved', '2026-05-24 22:03:36'),
(1102, 16, 4, '操场训练专用，质量扎实，值得入手', 'approved', '2026-05-24 21:07:33'),
(1103, 2, 3, '体育课指定装备，大家都在用，质量放心', 'approved', '2026-05-25 15:24:41'),
(1103, 5, 5, '操场训练专用，质量扎实，值得入手', 'approved', '2026-05-24 17:03:35'),
(1103, 13, 3, '操场训练专用，质量扎实，值得入手', 'approved', '2026-05-24 16:01:34'),
(1103, 4, 5, '宿舍囤货神器，价格实惠，会回购', 'approved', '2026-05-25 08:15:09'),
(1104, 14, 4, '质量不错，性价比很高，宿舍室友都说好用', 'approved', '2026-05-25 06:16:26'),
(1104, 9, 5, '质量不错，性价比很高，宿舍室友都说好用', 'approved', '2026-05-25 11:56:14'),
(1104, 1, 3, '图书馆学习必备，效果很好，五星好评', 'approved', '2026-05-24 23:51:04'),
(1104, 6, 3, '宿舍囤货神器，价格实惠，会回购', 'approved', '2026-05-25 12:11:20'),
(1105, 17, 4, '自习室必备，用了一学期还很好，推荐购买', 'approved', '2026-05-24 20:38:16'),
(1105, 1, 5, '质量不错，性价比很高，宿舍室友都说好用', 'approved', '2026-05-24 19:42:11'),
(1105, 17, 5, '质量不错，性价比很高，宿舍室友都说好用', 'approved', '2026-05-24 21:20:13'),
(1105, 18, 4, '课堂上用很方便，老师也推荐这个牌子', 'approved', '2026-05-25 06:54:50'),
(1105, 12, 5, '体育课指定装备，大家都在用，质量放心', 'approved', '2026-05-25 13:09:19'),
(1106, 18, 4, '操场训练专用，质量扎实，值得入手', 'approved', '2026-05-25 07:34:22'),
(1106, 10, 5, '考试周救命神器，帮了大忙，感谢店家', 'approved', '2026-05-24 16:38:53'),
(1106, 9, 4, '宿舍囤货神器，价格实惠，会回购', 'approved', '2026-05-25 11:30:10'),
(1107, 19, 4, '操场训练专用，质量扎实，值得入手', 'approved', '2026-05-25 07:36:08'),
(1107, 5, 5, '体育课指定装备，大家都在用，质量放心', 'approved', '2026-05-25 12:32:49'),
(1107, 3, 5, '图书馆学习必备，效果很好，五星好评', 'approved', '2026-05-24 21:56:11'),
(1108, 8, 5, '图书馆学习必备，效果很好，五星好评', 'approved', '2026-05-25 07:45:15'),
(1108, 2, 4, '宿舍囤货神器，价格实惠，会回购', 'approved', '2026-05-25 06:20:44'),
(1108, 9, 4, '课堂上用很方便，老师也推荐这个牌子', 'approved', '2026-05-25 12:29:02'),
(1109, 17, 3, '图书馆学习必备，效果很好，五星好评', 'approved', '2026-05-25 12:23:36'),
(1109, 15, 4, '体育课指定装备，大家都在用，质量放心', 'approved', '2026-05-24 23:33:07'),
(1109, 17, 5, '考试周救命神器，帮了大忙，感谢店家', 'approved', '2026-05-25 05:24:01'),
(1109, 11, 5, '宿舍囤货神器，价格实惠，会回购', 'approved', '2026-05-24 21:25:27'),
(1109, 13, 3, '考试周救命神器，帮了大忙，感谢店家', 'approved', '2026-05-24 21:35:43'),
(1110, 13, 4, '体育课指定装备，大家都在用，质量放心', 'approved', '2026-05-24 20:37:12'),
(1110, 17, 5, '操场训练专用，质量扎实，值得入手', 'approved', '2026-05-25 14:05:27'),
(1110, 10, 4, '自习室必备，用了一学期还很好，推荐购买', 'approved', '2026-05-25 04:27:54'),
(1111, 15, 5, '图书馆学习必备，效果很好，五星好评', 'approved', '2026-05-25 12:20:10'),
(1111, 10, 4, '操场训练专用，质量扎实，值得入手', 'approved', '2026-05-24 18:34:18'),
(1111, 3, 3, '课堂上用很方便，老师也推荐这个牌子', 'approved', '2026-05-24 19:46:59'),
(1111, 10, 5, '自习室必备，用了一学期还很好，推荐购买', 'approved', '2026-05-25 14:35:37'),
(1111, 19, 3, '质量不错，性价比很高，宿舍室友都说好用', 'approved', '2026-05-25 08:44:48'),
(1112, 14, 4, '质量不错，性价比很高，宿舍室友都说好用', 'approved', '2026-05-25 05:09:16'),
(1112, 13, 4, '图书馆学习必备，效果很好，五星好评', 'approved', '2026-05-25 09:37:03'),
(1112, 4, 4, '操场训练专用，质量扎实，值得入手', 'approved', '2026-05-25 09:55:30'),
(1113, 7, 5, '考试周救命神器，帮了大忙，感谢店家', 'approved', '2026-05-25 08:05:03'),
(1113, 5, 4, '质量不错，性价比很高，宿舍室友都说好用', 'approved', '2026-05-25 11:01:38'),
(1113, 1, 3, '考试周救命神器，帮了大忙，感谢店家', 'approved', '2026-05-25 00:42:28'),
(1113, 13, 4, '宿舍囤货神器，价格实惠，会回购', 'approved', '2026-05-25 01:21:41'),
(1113, 19, 3, '自习室必备，用了一学期还很好，推荐购买', 'approved', '2026-05-24 23:53:21'),
(1114, 11, 5, '质量不错，性价比很高，宿舍室友都说好用', 'approved', '2026-05-25 09:37:39'),
(1114, 20, 5, '体育课指定装备，大家都在用，质量放心', 'approved', '2026-05-25 15:42:38'),
(1114, 4, 3, '操场训练专用，质量扎实，值得入手', 'approved', '2026-05-24 17:27:45'),
(1114, 6, 3, '自习室必备，用了一学期还很好，推荐购买', 'approved', '2026-05-24 18:14:50'),
(1114, 10, 5, '操场训练专用，质量扎实，值得入手', 'approved', '2026-05-25 00:20:16'),
(1115, 13, 5, '质量不错，性价比很高，宿舍室友都说好用', 'approved', '2026-05-24 17:51:14'),
(1115, 11, 5, '宿舍囤货神器，价格实惠，会回购', 'approved', '2026-05-25 08:42:42'),
(1115, 17, 5, '课堂上用很方便，老师也推荐这个牌子', 'approved', '2026-05-25 07:28:21'),
(1115, 7, 3, '图书馆学习必备，效果很好，五星好评', 'approved', '2026-05-25 07:26:10'),
(1115, 16, 5, '图书馆学习必备，效果很好，五星好评', 'approved', '2026-05-25 01:53:19'),
(1116, 20, 3, '考试周救命神器，帮了大忙，感谢店家', 'approved', '2026-05-25 08:58:37'),
(1116, 9, 5, '自习室必备，用了一学期还很好，推荐购买', 'approved', '2026-05-24 16:13:49'),
(1116, 14, 4, '图书馆学习必备，效果很好，五星好评', 'approved', '2026-05-24 18:31:25'),
(1117, 14, 3, '自习室必备，用了一学期还很好，推荐购买', 'approved', '2026-05-24 20:27:34'),
(1117, 14, 5, '质量不错，性价比很高，宿舍室友都说好用', 'approved', '2026-05-24 20:36:29'),
(1117, 12, 5, '宿舍囤货神器，价格实惠，会回购', 'approved', '2026-05-25 14:07:58'),
(1117, 7, 5, '课堂上用很方便，老师也推荐这个牌子', 'approved', '2026-05-24 22:19:20'),
(1118, 12, 3, '考试周救命神器，帮了大忙，感谢店家', 'approved', '2026-05-25 01:16:05'),
(1118, 13, 4, '自习室必备，用了一学期还很好，推荐购买', 'approved', '2026-05-25 04:17:32'),
(1118, 6, 4, '图书馆学习必备，效果很好，五星好评', 'approved', '2026-05-25 01:38:51'),
(1118, 16, 4, '课堂上用很方便，老师也推荐这个牌子', 'approved', '2026-05-24 16:12:37'),
(1118, 10, 4, '自习室必备，用了一学期还很好，推荐购买', 'approved', '2026-05-25 15:03:52'),
(1119, 3, 4, '考试周救命神器，帮了大忙，感谢店家', 'approved', '2026-05-25 01:52:52'),
(1119, 15, 3, '操场训练专用，质量扎实，值得入手', 'approved', '2026-05-25 14:11:33'),
(1119, 4, 5, '图书馆学习必备，效果很好，五星好评', 'approved', '2026-05-25 07:27:27'),
(1120, 13, 4, '质量不错，性价比很高，宿舍室友都说好用', 'approved', '2026-05-25 15:52:44'),
(1120, 2, 3, '考试周救命神器，帮了大忙，感谢店家', 'approved', '2026-05-24 18:00:04'),
(1120, 16, 3, '体育课指定装备，大家都在用，质量放心', 'approved', '2026-05-25 13:38:34'),
(1121, 11, 3, '考试周救命神器，帮了大忙，感谢店家', 'approved', '2026-05-25 14:40:11'),
(1121, 16, 5, '体育课指定装备，大家都在用，质量放心', 'approved', '2026-05-25 11:08:26'),
(1121, 1, 4, '图书馆学习必备，效果很好，五星好评', 'approved', '2026-05-24 18:19:39'),
(1122, 4, 3, '自习室必备，用了一学期还很好，推荐购买', 'approved', '2026-05-24 22:59:57'),
(1122, 3, 5, '课堂上用很方便，老师也推荐这个牌子', 'approved', '2026-05-25 03:07:27'),
(1122, 5, 4, '质量不错，性价比很高，宿舍室友都说好用', 'approved', '2026-05-25 06:25:33'),
(1123, 9, 4, '自习室必备，用了一学期还很好，推荐购买', 'approved', '2026-05-25 03:57:34'),
(1123, 15, 5, '质量不错，性价比很高，宿舍室友都说好用', 'approved', '2026-05-24 22:28:28'),
(1123, 18, 3, '课堂上用很方便，老师也推荐这个牌子', 'approved', '2026-05-24 18:54:04'),
(1123, 5, 3, '图书馆学习必备，效果很好，五星好评', 'approved', '2026-05-25 01:01:11'),
(1124, 2, 4, '质量不错，性价比很高，宿舍室友都说好用', 'approved', '2026-05-24 23:25:48'),
(1124, 17, 5, '操场训练专用，质量扎实，值得入手', 'approved', '2026-05-24 17:11:01'),
(1124, 3, 4, '课堂上用很方便，老师也推荐这个牌子', 'approved', '2026-05-25 03:18:25'),
(1124, 1, 3, '考试周救命神器，帮了大忙，感谢店家', 'approved', '2026-05-25 09:38:38'),
(1124, 19, 3, '体育课指定装备，大家都在用，质量放心', 'approved', '2026-05-24 18:01:24'),
(1125, 18, 5, '考试周救命神器，帮了大忙，感谢店家', 'approved', '2026-05-24 21:39:27'),
(1125, 14, 5, '质量不错，性价比很高，宿舍室友都说好用', 'approved', '2026-05-25 08:58:23'),
(1125, 10, 3, '体育课指定装备，大家都在用，质量放心', 'approved', '2026-05-25 12:12:50'),
(1125, 5, 4, '体育课指定装备，大家都在用，质量放心', 'approved', '2026-05-25 12:49:07'),
(1126, 1, 5, '课堂上用很方便，老师也推荐这个牌子', 'approved', '2026-05-24 23:10:25'),
(1126, 5, 5, '考试周救命神器，帮了大忙，感谢店家', 'approved', '2026-05-25 06:14:57'),
(1126, 9, 5, '考试周救命神器，帮了大忙，感谢店家', 'approved', '2026-05-25 08:25:48'),
(1127, 9, 5, '宿舍囤货神器，价格实惠，会回购', 'approved', '2026-05-24 22:42:56'),
(1127, 12, 5, '课堂上用很方便，老师也推荐这个牌子', 'approved', '2026-05-25 05:58:00'),
(1127, 19, 3, '质量不错，性价比很高，宿舍室友都说好用', 'approved', '2026-05-25 15:58:20'),
(1127, 10, 3, '自习室必备，用了一学期还很好，推荐购买', 'approved', '2026-05-24 16:30:08'),
(1127, 8, 3, '考试周救命神器，帮了大忙，感谢店家', 'approved', '2026-05-25 14:33:31'),
(1128, 4, 4, '图书馆学习必备，效果很好，五星好评', 'approved', '2026-05-24 21:36:18'),
(1128, 5, 4, '自习室必备，用了一学期还很好，推荐购买', 'approved', '2026-05-24 18:33:18'),
(1128, 4, 4, '考试周救命神器，帮了大忙，感谢店家', 'approved', '2026-05-25 04:41:17'),
(1128, 10, 4, '质量不错，性价比很高，宿舍室友都说好用', 'approved', '2026-05-25 03:08:23'),
(1128, 5, 5, '图书馆学习必备，效果很好，五星好评', 'approved', '2026-05-24 21:09:03'),
(1129, 10, 4, '质量不错，性价比很高，宿舍室友都说好用', 'approved', '2026-05-24 20:05:52'),
(1129, 15, 4, '课堂上用很方便，老师也推荐这个牌子', 'approved', '2026-05-25 01:58:39'),
(1129, 2, 4, '自习室必备，用了一学期还很好，推荐购买', 'approved', '2026-05-24 19:46:23'),
(1129, 16, 3, '质量不错，性价比很高，宿舍室友都说好用', 'approved', '2026-05-25 09:12:05'),
(1130, 2, 5, '质量不错，性价比很高，宿舍室友都说好用', 'approved', '2026-05-25 10:37:00'),
(1130, 5, 5, '图书馆学习必备，效果很好，五星好评', 'approved', '2026-05-25 04:54:35'),
(1130, 13, 4, '自习室必备，用了一学期还很好，推荐购买', 'approved', '2026-05-25 06:40:42'),
(1130, 12, 4, '考试周救命神器，帮了大忙，感谢店家', 'approved', '2026-05-24 17:21:16'),
(1131, 3, 5, '图书馆学习必备，效果很好，五星好评', 'approved', '2026-05-24 20:00:26'),
(1131, 1, 4, '课堂上用很方便，老师也推荐这个牌子', 'approved', '2026-05-25 02:50:44'),
(1131, 10, 4, '课堂上用很方便，老师也推荐这个牌子', 'approved', '2026-05-25 03:39:10'),
(1131, 9, 5, '图书馆学习必备，效果很好，五星好评', 'approved', '2026-05-25 10:50:04'),
(1132, 2, 3, '课堂上用很方便，老师也推荐这个牌子', 'approved', '2026-05-24 18:11:31'),
(1132, 3, 5, '宿舍囤货神器，价格实惠，会回购', 'approved', '2026-05-25 12:59:58'),
(1132, 10, 5, '课堂上用很方便，老师也推荐这个牌子', 'approved', '2026-05-25 08:07:22'),
(1132, 20, 5, '图书馆学习必备，效果很好，五星好评', 'approved', '2026-05-25 11:46:04'),
(1133, 18, 3, '课堂上用很方便，老师也推荐这个牌子', 'approved', '2026-05-25 09:36:51'),
(1133, 8, 4, '课堂上用很方便，老师也推荐这个牌子', 'approved', '2026-05-24 16:10:46'),
(1133, 20, 4, '自习室必备，用了一学期还很好，推荐购买', 'approved', '2026-05-24 23:12:11'),
(1134, 16, 4, '质量不错，性价比很高，宿舍室友都说好用', 'approved', '2026-05-25 04:04:11'),
(1134, 19, 4, '质量不错，性价比很高，宿舍室友都说好用', 'approved', '2026-05-24 18:09:40'),
(1134, 18, 5, '体育课指定装备，大家都在用，质量放心', 'approved', '2026-05-25 09:28:21'),
(1135, 6, 5, '自习室必备，用了一学期还很好，推荐购买', 'approved', '2026-05-24 19:38:10'),
(1135, 10, 4, '课堂上用很方便，老师也推荐这个牌子', 'approved', '2026-05-25 04:09:59'),
(1135, 12, 4, '考试周救命神器，帮了大忙，感谢店家', 'approved', '2026-05-25 15:53:04'),
(1136, 9, 5, '质量不错，性价比很高，宿舍室友都说好用', 'approved', '2026-05-25 05:03:55'),
(1136, 5, 5, '宿舍囤货神器，价格实惠，会回购', 'approved', '2026-05-25 07:30:58'),
(1136, 12, 4, '自习室必备，用了一学期还很好，推荐购买', 'approved', '2026-05-25 01:59:08'),
(1136, 6, 3, '课堂上用很方便，老师也推荐这个牌子', 'approved', '2026-05-25 15:06:30'),
(1136, 6, 5, '宿舍囤货神器，价格实惠，会回购', 'approved', '2026-05-24 23:41:28'),
(1137, 16, 4, '体育课指定装备，大家都在用，质量放心', 'approved', '2026-05-24 23:08:22'),
(1137, 7, 4, '自习室必备，用了一学期还很好，推荐购买', 'approved', '2026-05-25 13:43:16'),
(1137, 13, 4, '体育课指定装备，大家都在用，质量放心', 'approved', '2026-05-24 20:52:31'),
(1138, 14, 3, '宿舍囤货神器，价格实惠，会回购', 'approved', '2026-05-25 07:54:04'),
(1138, 20, 5, '宿舍囤货神器，价格实惠，会回购', 'approved', '2026-05-24 22:47:03'),
(1138, 11, 5, '考试周救命神器，帮了大忙，感谢店家', 'approved', '2026-05-24 19:08:05'),
(1138, 2, 5, '操场训练专用，质量扎实，值得入手', 'approved', '2026-05-25 14:25:17'),
(1138, 12, 3, '质量不错，性价比很高，宿舍室友都说好用', 'approved', '2026-05-25 15:42:11'),
(1139, 8, 5, '质量不错，性价比很高，宿舍室友都说好用', 'approved', '2026-05-25 04:33:39'),
(1139, 5, 3, '考试周救命神器，帮了大忙，感谢店家', 'approved', '2026-05-25 07:43:00'),
(1139, 8, 5, '宿舍囤货神器，价格实惠，会回购', 'approved', '2026-05-25 08:34:15'),
(1139, 12, 5, '图书馆学习必备，效果很好，五星好评', 'approved', '2026-05-24 23:39:17'),
(1139, 5, 3, '考试周救命神器，帮了大忙，感谢店家', 'approved', '2026-05-24 23:11:50'),
(1140, 6, 5, '图书馆学习必备，效果很好，五星好评', 'approved', '2026-05-25 09:15:04'),
(1140, 4, 4, '自习室必备，用了一学期还很好，推荐购买', 'approved', '2026-05-24 22:40:24'),
(1140, 15, 4, '课堂上用很方便，老师也推荐这个牌子', 'approved', '2026-05-25 10:16:16'),
(1140, 6, 3, '考试周救命神器，帮了大忙，感谢店家', 'approved', '2026-05-24 20:23:56'),
(1141, 18, 4, '体育课指定装备，大家都在用，质量放心', 'approved', '2026-05-25 01:38:18'),
(1141, 17, 5, '质量不错，性价比很高，宿舍室友都说好用', 'approved', '2026-05-25 06:28:17'),
(1141, 9, 4, '体育课指定装备，大家都在用，质量放心', 'approved', '2026-05-25 10:39:56'),
(1141, 18, 5, '操场训练专用，质量扎实，值得入手', 'approved', '2026-05-25 13:53:53'),
(1141, 5, 3, '操场训练专用，质量扎实，值得入手', 'approved', '2026-05-24 21:44:57'),
(1142, 13, 5, '自习室必备，用了一学期还很好，推荐购买', 'approved', '2026-05-24 16:42:36'),
(1142, 14, 5, '体育课指定装备，大家都在用，质量放心', 'approved', '2026-05-25 02:34:49'),
(1142, 7, 4, '体育课指定装备，大家都在用，质量放心', 'approved', '2026-05-25 09:21:24'),
(1142, 1, 5, '考试周救命神器，帮了大忙，感谢店家', 'approved', '2026-05-24 23:37:37'),
(1142, 16, 4, '体育课指定装备，大家都在用，质量放心', 'approved', '2026-05-25 10:39:10'),
(1143, 11, 5, '宿舍囤货神器，价格实惠，会回购', 'approved', '2026-05-24 21:00:05'),
(1143, 6, 3, '自习室必备，用了一学期还很好，推荐购买', 'approved', '2026-05-25 06:15:01'),
(1143, 14, 3, '宿舍囤货神器，价格实惠，会回购', 'approved', '2026-05-25 00:00:46'),
(1143, 16, 5, '图书馆学习必备，效果很好，五星好评', 'approved', '2026-05-24 21:08:56'),
(1143, 12, 5, '考试周救命神器，帮了大忙，感谢店家', 'approved', '2026-05-25 06:48:03'),
(1144, 9, 4, '体育课指定装备，大家都在用，质量放心', 'approved', '2026-05-25 13:10:52'),
(1144, 17, 5, '自习室必备，用了一学期还很好，推荐购买', 'approved', '2026-05-24 21:51:40'),
(1144, 8, 4, '操场训练专用，质量扎实，值得入手', 'approved', '2026-05-25 04:28:09'),
(1144, 9, 3, '质量不错，性价比很高，宿舍室友都说好用', 'approved', '2026-05-25 03:35:47'),
(1145, 12, 4, '自习室必备，用了一学期还很好，推荐购买', 'approved', '2026-05-25 10:01:56'),
(1145, 18, 4, '图书馆学习必备，效果很好，五星好评', 'approved', '2026-05-25 13:21:55'),
(1145, 14, 5, '操场训练专用，质量扎实，值得入手', 'approved', '2026-05-24 19:32:43'),
(1145, 6, 4, '自习室必备，用了一学期还很好，推荐购买', 'approved', '2026-05-25 05:17:45'),
(1146, 7, 4, '操场训练专用，质量扎实，值得入手', 'approved', '2026-05-25 15:38:29'),
(1146, 8, 3, '课堂上用很方便，老师也推荐这个牌子', 'approved', '2026-05-24 18:19:26'),
(1146, 17, 4, '体育课指定装备，大家都在用，质量放心', 'approved', '2026-05-25 11:12:01'),
(1147, 9, 3, '考试周救命神器，帮了大忙，感谢店家', 'approved', '2026-05-25 08:52:10'),
(1147, 20, 5, '图书馆学习必备，效果很好，五星好评', 'approved', '2026-05-24 23:10:11'),
(1147, 19, 4, '操场训练专用，质量扎实，值得入手', 'approved', '2026-05-25 07:32:11'),
(1147, 11, 3, '自习室必备，用了一学期还很好，推荐购买', 'approved', '2026-05-25 08:25:06'),
(1147, 2, 3, '体育课指定装备，大家都在用，质量放心', 'approved', '2026-05-25 05:15:26'),
(1148, 4, 3, '图书馆学习必备，效果很好，五星好评', 'approved', '2026-05-25 07:25:17'),
(1148, 5, 3, '体育课指定装备，大家都在用，质量放心', 'approved', '2026-05-25 14:16:17'),
(1148, 14, 4, '操场训练专用，质量扎实，值得入手', 'approved', '2026-05-24 18:48:03'),
(1148, 15, 3, '体育课指定装备，大家都在用，质量放心', 'approved', '2026-05-24 16:20:48'),
(1148, 19, 3, '宿舍囤货神器，价格实惠，会回购', 'approved', '2026-05-25 07:02:29'),
(1149, 15, 3, '课堂上用很方便，老师也推荐这个牌子', 'approved', '2026-05-25 10:28:37'),
(1149, 6, 3, '操场训练专用，质量扎实，值得入手', 'approved', '2026-05-24 19:49:39'),
(1149, 12, 5, '图书馆学习必备，效果很好，五星好评', 'approved', '2026-05-24 23:18:19'),
(1149, 13, 4, '图书馆学习必备，效果很好，五星好评', 'approved', '2026-05-25 03:30:33'),
(1149, 12, 4, '考试周救命神器，帮了大忙，感谢店家', 'approved', '2026-05-24 21:34:23')
ON DUPLICATE KEY UPDATE updated_at = NOW();
